GRE Score,TOEFL Score,University Rating,SOP,LOR,CGPA,Research,Chance of Admit
311,107,3,2,2,9.02,0,0.7197787
274,106,2,2.4,1.1,6.05,1,0.47859192
331,117,1,1.3,1.4,8.93,0,0.7645479
320,88,3,2.7,2.5,6.69,0,0.48293287
280,94,4,1.9,3.8,6.09,1,0.5794118
334,113,5,3.6,3.5,8.14,0,0.79464406
334,104,2,2.6,3.7,6.14,1,0.6860142
283,80,4,3.7,1.6,6.77,0,0.42989883
262,90,4,3.6,2.9,8.16,1,0.6503014
281,94,2,5,1.3,6.56,1,0.532007
312,105,4,3.3,4.5,7.09,0,0.65675735
261,117,1,3.4,2.2,7.18,1,0.6009203
289,112,2,4.7,1.6,6.94,1,0.5381322
297,114,5,4.3,3.8,6.39,0,0.7188512
261,106,2,2,3.6,8.91,1,0.69455576
323,91,1,4.3,1.9,6.4,0,0.5012308
319,99,2,1.6,1.3,6.11,0,0.55503696
280,91,3,4.6,2.3,7.96,0,0.5248575
292,116,1,3,2.2,7.72,1,0.59173614
335,85,4,1.9,3.3,6.25,1,0.70979726
317,99,3,2.1,2.8,8.78,0,0.673583
281,102,2,1.7,2.2,8.04,1,0.5897701
308,94,1,3,2.8,7.05,1,0.57302207
318,107,2,1.7,4.2,6.94,0,0.72940713
301,113,4,1.1,3.7,6.53,1,0.7329297
319,87,1,3.1,1.8,7.49,0,0.48338774
339,99,5,1.4,2.8,6.97,0,0.70500237
274,85,5,2.3,3.3,8.16,1,0.67503506
321,105,4,3.6,2,9.84,0,0.8210864
321,97,5,1.9,2.6,7.36,1,0.62808967
306,93,3,2.6,3.4,7,0,0.5374869
321,99,2,1.3,3.9,7.12,1,0.6245682
310,80,2,3.1,1.4,9.24,1,0.6624402
314,102,4,4.2,1.5,9.19,0,0.7299586
323,119,3,4.5,4.6,8.84,0,0.79929036
262,95,1,1.9,3.2,7.16,0,0.43690276
310,118,3,1.3,1.9,9.08,1,0.83726674
266,98,3,2.3,4,7.76,0,0.53207684
280,87,4,3.3,1.3,8.58,0,0.5583793
332,103,1,4.8,4.6,8.09,0,0.74249005
298,95,1,2.4,1.7,9.32,1,0.7236876
277,92,4,2,2.7,9.47,1,0.70205104
263,109,4,2.7,2.5,6.23,0,0.58653796
319,92,2,3.5,2.3,8.75,1,0.6827308
273,100,3,4.7,1.6,8.97,0,0.6958212
268,98,1,1.9,4.5,8.93,1,0.6761233
312,106,3,2.1,3,8.93,0,0.7511875
261,117,2,2.8,3.3,9.75,1,0.86107457
319,117,3,4.6,2.3,7.14,1,0.55376166
330,102,1,2.6,1.6,7.54,0,0.60192853
303,95,2,2.6,4.4,8.15,1,0.65049124
267,103,3,4.4,1.8,6.82,1,0.59114915
306,95,4,2,1.2,7.91,0,0.41421676
294,95,2,2.6,3.5,6.58,1,0.59334755
337,90,3,1.1,2.1,9.14,0,0.5973194
340,105,3,4.4,4,7.96,0,0.7185832
295,95,4,1.8,3.1,9.89,1,0.760849
309,120,5,4.9,2.3,9.26,1,0.91770226
263,94,5,1.2,2.2,6.84,1,0.67830515
261,97,5,3.7,1.9,6.14,1,0.66934866
265,119,1,3.9,1,7.25,0,0.64507365
313,97,2,3.6,2.6,8.38,0,0.6137639
263,114,5,1.5,1.3,9.21,0,0.7655226
313,84,4,4.1,3.9,6.99,0,0.6085293
322,81,2,3.2,2.8,8.42,0,0.5535115
277,109,4,3.4,3.1,6.96,0,0.5716868
303,110,1,2.4,4.8,9.67,0,0.8869184
293,104,4,2.7,4.1,6.14,0,0.6117893
333,110,1,1.3,1.8,6.21,1,0.6519934
321,98,4,5,3.4,6.37,1,0.6405607
273,113,2,1.8,4.1,6.09,1,0.54540205
307,97,5,1.5,3.2,6.18,1,0.58790606
274,118,2,1.8,4.3,7.6,0,0.63558304
331,112,5,4.9,3,7.31,1,0.6382821
337,82,3,4.7,1.1,9.6,0,0.60462016
321,97,2,1,2,9.16,0,0.6389047
299,115,5,2.6,4.4,9.9,1,0.9253235
339,105,5,4.3,2.2,6.5,1,0.60414743
312,107,2,5,3.6,6.34,1,0.6437157
283,111,1,4.2,1.5,8.54,1,0.70930505
285,116,5,3.7,2.4,8.48,0,0.72501695
319,86,2,4.5,1.4,7.14,1,0.57734567
300,107,3,4,2.7,7.37,1,0.62048894
288,111,5,4.2,2.7,7.5,0,0.6284778
274,120,1,2.1,1.2,8,1,0.67282605
304,115,4,3.6,2.4,8.7,1,0.7969698
324,101,5,4.5,2,7.2,1,0.6074641
330,88,2,3.1,1.4,6.76,0,0.4784922
268,96,2,4.6,1.8,8.5,0,0.60045713
260,89,5,4.7,2.1,7.19,1,0.68749523
267,106,1,3,3.2,6,0,0.50310963
322,96,4,2.2,3.8,8.41,1,0.7051269
270,111,2,1.2,2,8.76,0,0.7755347
340,90,2,4.2,2.7,9.24,1,0.76898855
267,104,3,3.1,1.9,6.66,0,0.5195325
294,96,2,4,2,6.81,0,0.48685026
294,106,5,1.6,3.3,8.61,0,0.6091333
292,94,2,4.2,2.9,9.85,1,0.77312905
264,84,3,1.5,2.2,8.59,0,0.51347595
300,92,5,3.2,1.9,8.06,0,0.49548173
287,85,5,4,2.5,8.83,0,0.5929684
266,99,2,1.6,2.7,6.95,1,0.56701267
332,82,4,3.4,3.6,8.49,0,0.61168176
331,107,1,4.9,4.9,8.87,0,0.8042976
271,82,3,1.2,2.2,7.42,1,0.7296828
293,112,3,1.1,2.2,7.05,0,0.6752486
292,81,1,1.9,1.3,6.27,1,0.59115297
307,116,3,3.7,3.9,7.67,1,0.6586486
282,108,5,3.3,4.3,7.49,0,0.617813
321,93,4,4.9,3.4,8.85,1,0.74228704
296,86,3,4.2,1.2,9.51,1,0.7233218
303,83,2,2.3,1.9,9.81,1,0.6812456
294,100,2,4.3,1.7,8.84,0,0.6576349
324,104,2,4.1,3.7,9.36,0,0.7914583
306,88,1,2.9,1.8,7.3,1,0.59782445
337,91,1,4.6,4,8.02,1,0.7139871
262,91,5,1.7,2.2,6.61,0,0.41642082
260,84,2,2.9,4.9,9.63,1,0.6898109
264,108,4,4.7,1.2,7.69,1,0.68963474
273,106,2,2.7,4,9.34,0,0.8058231
286,118,4,3.3,4.2,8.19,1,0.75259817
268,99,3,3.5,3.6,6.49,0,0.50953525
338,108,4,4.7,3.2,7.82,0,0.7311012
274,98,5,1.5,3.5,8.62,1,0.676772
301,115,3,1.7,2.2,6.47,1,0.6457354
336,112,2,3.2,2.6,9.78,0,0.8545765
310,87,1,1.8,1.9,6.74,0,0.4003812
322,109,4,3.3,2.2,9.79,1,0.90609795
311,113,3,2.9,4.5,7.53,1,0.6389762
263,110,1,4.4,1.9,9.17,0,0.77635604
282,80,2,3.7,4.4,6.04,1,0.640763
274,114,2,1.7,3.4,6.63,1,0.5343933
302,98,5,3.4,3.5,8.38,1,0.71062315
288,97,2,2.7,2.2,9.2,0,0.6870959
295,96,1,1.5,1.9,9.27,0,0.67244047
272,110,4,1.2,2.6,9.18,0,0.7946383
291,99,2,3.4,4.7,9.97,1,0.8016816
330,108,2,2.1,4.8,9.13,0,0.8230687
318,118,5,3.1,1.7,7.21,0,0.84543294
287,100,3,4.4,3.6,9.59,0,0.74528295
325,88,5,4.3,2.6,9.33,1,0.7651091
301,109,4,3.9,1.2,7.33,1,0.57325834
304,112,5,2.4,1.3,7.56,1,0.5973415
321,97,1,2.4,4,9.8,1,0.83137745
316,89,3,4.4,1,8.24,1,0.6447461
265,80,1,1.8,2.6,8.77,1,0.6527089
287,107,3,2.6,1.6,6.58,1,0.4968614
287,112,5,1.3,5,8.93,1,0.7844656
303,118,5,1.5,1.2,8.09,1,0.6742387
289,97,2,2.4,1.5,9.86,0,0.7461627
321,88,2,1.8,4.7,6.34,0,0.53088623
334,107,3,3.6,2.2,8.72,1,0.72857887
321,102,5,1.3,2.2,9.2,1,0.7875914
260,105,5,3.7,4.7,9.85,1,0.84942365
286,112,4,3.8,1.7,7.17,0,0.6257511
321,99,4,3.1,4.9,7.22,0,0.6870276
336,95,4,2.3,2.7,6.43,1,0.6864362
262,98,4,4.6,2.7,9.97,0,0.81817853
329,111,5,4.7,4.7,8.86,0,0.82817715
331,90,2,3.7,1.4,8.35,0,0.5453002
286,119,4,4.3,1.8,6.37,1,0.5214473
268,105,5,3.7,4.3,8.7,1,0.7570086
321,80,3,4.3,1.6,8.53,1,0.69176304
296,117,1,4.4,2.3,7.59,0,0.6405185
310,91,4,1.1,4,7.64,0,0.52178895
303,88,5,4.1,2.7,6.41,1,0.63074386
283,87,3,1.7,3.4,7.98,0,0.4856425
338,110,3,3.1,2.6,6.32,0,0.8480494
318,99,5,1,3.4,9.34,1,0.77746975
291,98,4,2.9,4.8,9.76,0,0.7546026
311,111,3,2.3,1.7,7.93,0,0.698809
321,84,3,3.9,3.2,6.61,1,0.6401457
317,110,2,4.7,4.9,8.02,1,0.7551087
311,101,1,3,1.8,8.55,0,0.6352541
271,99,3,2.6,1.7,8.74,1,0.668651
298,91,2,3.6,3.7,7.97,1,0.656836
261,98,1,2.9,5,9.46,0,0.72118443
262,116,3,3.6,1.1,8.27,0,0.7294509
315,81,3,3.1,2.6,9.27,0,0.57643837
340,83,5,3.2,4.1,8.47,0,0.62637323
318,109,5,1.8,1.5,7.43,1,0.63678926
261,102,1,3.6,3.8,7,0,0.5278492
261,100,3,3,2.8,6.94,1,0.5917767
313,84,5,2.8,2.9,9.48,1,0.7533959
260,86,3,2.6,4.3,8.62,0,0.5625611
278,91,4,2.9,2.9,8.01,1,0.6346937
261,120,5,2.7,2.6,7.08,1,0.6715486
312,90,1,1.4,3.1,9.44,1,0.68453354
303,93,4,4.6,2.3,6.1,0,0.5210611
291,118,1,1.5,3.4,6.07,0,0.7603675
329,82,2,1.9,2.9,7.77,1,0.7310048
291,102,4,1.8,1.7,7.63,0,0.45819297
327,82,2,3,4.6,8.96,0,0.6929105
314,115,4,3.2,4.6,9.92,0,0.95500225
334,118,5,3.8,2,9.49,0,0.8169112
315,103,1,1,2.3,6.61,1,0.58204037
276,120,5,2,2.1,7.77,1,0.70659673
297,112,2,1.2,1.3,9.74,1,0.85294485
283,111,3,1.1,2.3,8.26,0,0.67433655
328,109,1,1.3,3.8,9.38,0,0.82174516
329,115,3,1.9,2.5,6.86,0,0.83593607
270,82,2,3,4.6,8.05,1,0.62504005
275,85,5,4.6,2.7,7.31,1,0.6705863
332,111,1,2.7,2.9,7.71,1,0.6416573
318,85,3,2.2,3.5,9.3,1,0.6955295
329,83,2,2.4,1.5,7.56,0,0.45336857
339,83,1,1.8,1.4,8.4,1,0.69650525
262,92,3,2.8,2.3,6.23,0,0.43148804
279,82,2,2.9,2.6,7.89,1,0.63590324
318,114,1,3.1,4.3,9.83,1,0.90802675
295,95,5,2.6,2.3,6.34,0,0.45626092
278,103,2,1.1,2.8,7.38,1,0.5360504
326,119,2,4,1.8,8.46,0,0.74850273
278,103,1,1.6,4.7,7.18,1,0.58524066
279,103,5,1.5,4.6,7.83,0,0.5785575
330,117,1,1.2,3,9.52,0,0.83533216
311,84,4,4.2,4.7,8.65,1,0.73501706
292,98,4,4.5,3.2,9,1,0.74795616
299,86,4,1.5,1.9,6.63,1,0.735479
298,109,4,4.3,5,6.14,1,0.6940118
260,104,1,4.8,3.6,7.62,1,0.6741957
270,80,3,4.7,1.5,9.37,0,0.6020665
316,81,3,2.1,4.3,6.63,1,0.706909
309,87,5,2.8,4.3,8.13,1,0.6961799
282,83,1,3.4,2,7.53,1,0.60372764
290,111,5,4.9,1.4,6.17,1,0.54177225
301,117,2,2.9,5,9.03,0,0.83138114
266,85,1,2,1.1,8.06,1,0.63310844
275,119,2,1.2,3.7,6.38,1,0.60679466
319,112,5,4.5,4.4,9.34,1,0.88703966
261,116,3,4.5,1.8,7.17,0,0.6797336
260,89,1,3.6,1.5,9.16,1,0.6701922
307,103,2,4.5,3.1,7.52,1,0.6470536
271,115,2,1.2,1.1,9.31,1,0.79272765
328,82,4,2.8,3,9.05,1,0.7234659
296,116,5,4,1.9,9.94,1,0.9607645
291,106,5,1.2,1.4,6.21,1,0.6048839
268,103,1,2.4,2.2,8.13,0,0.611313
278,95,3,3,4.3,7.67,1,0.610634
307,111,3,5,4.9,9.88,0,0.8913864
339,95,2,3.2,1.8,7.79,0,0.58190066
262,88,5,1.4,2.5,7.87,1,0.7109907
279,95,5,2.7,1.4,8.53,0,0.5729253
283,95,1,3.4,3.5,8.91,0,0.62684065
313,83,4,2.5,2.2,6.84,1,0.72143537
292,90,2,1.1,2.6,8.19,0,0.5042816
283,103,4,1.4,2.1,6.87,0,0.50687224
334,110,5,3.5,1.7,6.74,0,0.8391416
331,103,2,2.1,3.1,6.12,1,0.6994864
295,103,2,2.7,1.5,7.57,0,0.52839
297,103,2,4.8,4.1,6.07,0,0.6439883
284,115,2,1.1,1.1,6.27,0,0.67440796
277,111,5,4.2,4.7,7.59,0,0.68560135
325,94,3,4,3.5,7.1,0,0.62845814
313,101,4,3.8,1.8,6.8,1,0.5254663
294,113,2,3.8,4.9,6.62,0,0.65314174
339,118,3,3.9,4.1,9.34,1,0.9107109
320,91,2,3.6,4.2,6.84,0,0.6371389
300,96,4,4,3.5,9.87,1,0.8028192
292,120,2,1.8,3.7,8.4,1,0.7319662
327,81,4,1.1,1.5,6.36,0,0.54521024
292,118,5,2.2,4,6.16,1,0.7144658
273,85,1,1.8,4.6,8.95,1,0.6341051
280,110,1,3.2,3.9,7.16,0,0.54881525
307,104,2,2.2,4.1,9.73,0,0.83422667
279,107,1,1.6,2.1,6.9,0,0.5103163
267,105,5,2.2,4.1,8.07,1,0.6798696
266,83,3,4.6,2.4,6.33,1,0.6401768
326,108,2,2.7,2.5,9.74,1,0.88497585
276,94,5,3.9,4.6,6.05,0,0.5988119
292,113,2,4.1,2.8,7.85,1,0.6598131
307,112,3,5,4.6,7.64,0,0.7136571
335,95,5,2.1,4.2,6.73,0,0.6736042
318,119,1,1.8,4.5,7.42,0,0.8017326
281,118,5,1.6,4.5,8.39,0,0.7029325
289,84,1,1.5,2.6,6.28,1,0.6573429
297,113,5,2.8,1.9,9.36,0,0.77188516
310,101,1,3.3,2.4,7.67,0,0.55427134
313,116,4,2.8,3.6,7.31,1,0.6329264
267,89,2,2,2.5,7.14,1,0.61698914
286,110,3,2,3.5,9.95,1,0.8681448
286,93,1,2.6,1.1,9.12,0,0.6349563
280,113,1,3.7,2.4,6.82,0,0.5672625
289,98,4,4.9,3.6,9.92,1,0.82062674
287,116,1,3.4,2.2,9.18,1,0.8019073
323,100,3,2.8,4.9,8.94,0,0.76025194
328,116,5,1.3,4.6,8.47,0,0.8006287
320,103,4,3.5,5,6.59,1,0.6570287
307,111,5,3.9,1.6,7.22,1,0.59893167
278,109,2,2.4,1.3,7.72,1,0.5919559
263,116,4,2.9,3.7,7.33,0,0.6381124
294,117,1,2.4,1.9,8.53,1,0.73747253
323,96,5,3.2,4.1,9.31,1,0.7848438
308,115,5,1.5,4.2,8.29,1,0.7125121
276,110,2,2.8,2,6.49,1,0.49745384
303,96,3,2.3,4.2,9.45,1,0.73482037
289,93,5,3.7,3.1,7.85,0,0.54306257
305,85,3,2.9,4.6,8.84,1,0.6808238
265,109,5,2,4.6,9.18,0,0.80376315
296,98,2,2.7,2.5,7.47,1,0.57538176
283,106,5,1.5,4.3,7.74,0,0.568418
305,119,3,1.1,4.5,8.63,0,0.770591
312,116,4,1,3.5,7.74,1,0.7697479
319,110,1,4.9,3.2,8.62,1,0.7470849
322,95,5,2.6,4.7,9.59,1,0.7775441
291,92,4,2.4,4.6,8.63,0,0.62754655
292,94,2,1.5,1.7,8.24,0,0.5428981
326,105,2,3.6,1.8,9.22,1,0.79535186
277,108,3,4.3,3.9,8.29,0,0.6457923
284,80,5,3.4,1.4,7.34,1,0.74650985
313,112,1,2.4,3.9,8.71,1,0.7442901
317,113,3,4.8,1.9,9.88,1,0.9201934
326,113,5,3.7,2.5,6.2,1,0.6868452
305,113,2,1.7,2.1,6.39,0,0.706135
283,100,3,1.9,3.2,8.89,1,0.69306
291,86,4,2.8,4.7,7.27,0,0.5823294
306,80,5,4.9,3.9,8.91,0,0.6538919
282,80,5,3,2.7,7.13,1,0.70826876
325,97,5,1.6,1.9,8.19,1,0.7357123
286,111,3,1.8,3.9,9.94,1,0.8840276
261,110,3,4.4,3.9,7.26,0,0.64875704
276,97,5,3,2.4,7.89,1,0.6774953
292,95,5,2.7,2.6,9.79,0,0.7024316
268,80,2,2.6,4.3,7.7,1,0.6162567
302,90,1,1.2,2.1,7.47,0,0.45665008
307,109,2,3.8,4.2,6.7,0,0.63059473
298,120,1,3.8,4.4,9.96,1,0.920974
301,107,2,1.2,4.7,8.21,1,0.6569962
285,105,3,1.5,2.5,8.65,0,0.7117979
309,102,1,1.7,3.8,6.46,1,0.54691845
284,89,2,1.4,2.7,6.32,1,0.6638978
283,90,1,3.3,3.2,8.17,0,0.51123613
272,85,1,3,2.9,6.33,1,0.595656
319,108,5,3.9,3,8.39,1,0.75532275
266,101,2,2,1.5,6.29,1,0.56637025
316,93,5,1.7,1.4,6.49,1,0.6665453
295,85,3,2.8,1.1,9.09,0,0.52703786
304,99,2,4.6,3.2,9.66,1,0.788433
279,90,5,1.6,2.4,7.12,1,0.6858827
324,81,2,5,1.6,7.43,0,0.5196441
267,104,1,4.8,2.3,8.78,1,0.71375734
275,94,4,2.3,4.9,7.43,0,0.58437204
273,117,1,3,2.4,8.1,0,0.6935925
335,84,1,2.5,3.9,7.65,0,0.60438204
274,94,3,4.2,4.3,9.36,0,0.6766434
325,105,3,2.5,2.1,6.86,1,0.5518959
291,90,3,2.5,1.5,7.92,0,0.46501705
322,112,5,2.4,3.4,6.88,0,0.8285047
310,116,1,4.2,4.6,8.44,1,0.76208496
284,115,4,3.2,3.9,7.99,1,0.72673696
317,120,5,4.1,2.7,6.41,1,0.71377933
322,117,2,2.1,3.7,8.79,1,0.8105385
321,90,2,2.1,3.5,9.67,1,0.7322691
281,114,4,1.2,3.8,8.55,0,0.7490026
317,88,3,1.9,4.4,8.52,1,0.69031346
317,90,4,4.2,4.3,8.26,1,0.70597917
308,120,5,4.8,1.8,9.77,0,0.9116803
311,112,4,4.3,1.5,6.39,1,0.52740335
301,112,5,3,4.7,6.67,0,0.7033925
329,106,3,3.5,2.8,7.12,0,0.7364772
274,97,2,1.6,2.1,7.23,0,0.4523641
313,90,2,1.2,4.6,9.17,1,0.6797915
319,109,3,3,4,8.43,1,0.7258043
267,95,3,1.4,3.5,8.61,0,0.592626
312,103,2,1.8,3.8,7.08,0,0.6265089
319,80,4,2.5,1.7,6.34,0,0.4892518
264,90,2,1.5,1.6,8.39,0,0.5298151
327,85,4,2.3,4.2,6.05,0,0.56261134
265,91,1,1.1,1.5,8.25,1,0.64564764
306,105,3,2.5,4.6,7.57,0,0.6526658
314,98,1,1.3,4.6,6.75,0,0.6004898
299,80,5,1.5,1.3,9.83,0,0.54645985
311,113,5,2.7,2.6,7.34,0,0.74964005
275,99,5,2.9,2.9,8.33,0,0.60238856
272,91,4,1.4,2.3,6.6,1,0.66424125
289,103,5,3.4,3.7,7.03,1,0.65191036
278,111,2,3.2,2.9,9.44,0,0.84105754
276,112,4,2.7,2.4,9.12,1,0.80710554
322,118,3,1.7,4.2,7.98,0,0.8092154
278,89,5,3.2,1.8,7.53,1,0.6957818
317,101,4,1.4,1.6,8.03,1,0.6920007
314,120,5,1,2.1,7.85,1,0.8047237
321,93,5,4.3,3.6,8.45,1,0.7215173
282,83,4,2.1,2.4,8.08,1,0.68575376
268,108,4,4.6,3.9,8.71,0,0.7199473
271,85,4,1.9,1.2,6.22,0,0.41567686
260,119,2,1,1.9,8.49,1,0.7356058
317,118,3,3.8,4.8,9.81,0,0.9464282
260,104,1,1.8,1.7,9.48,1,0.73994964
293,87,3,2.4,2.4,6.76,0,0.42309618
307,90,2,3.7,4.1,8.54,0,0.6301669
260,80,2,3.7,2.4,7.36,1,0.6480881
275,85,2,3.1,1.9,8.16,0,0.45757106
320,117,3,2.3,4.4,7.38,0,0.8267972
323,107,2,3.6,1.3,8.34,1,0.63358414
322,111,2,4.8,2.3,9.01,0,0.7784521
328,88,2,1.3,4.9,6.85,1,0.7385557
281,113,4,2.5,4.4,6.61,0,0.5760512
326,81,3,1.9,3.8,7.62,1,0.73505473
335,101,3,2.9,1.7,6.23,0,0.6964517
285,118,5,4.7,1.5,8.5,1,0.8123637
275,102,1,1.7,4.3,7.84,1,0.59164995
310,82,2,4.3,3.2,8.1,1,0.6899881
316,95,1,4.6,3.9,9.7,1,0.82099485
288,120,5,1.2,1.1,9.78,1,0.89633995
337,109,2,1.3,4.9,8.4,1,0.79261947
328,98,1,4.5,1.1,7.74,0,0.5715203
306,105,5,2.9,1.6,8.54,1,0.7506414
321,95,4,4.4,1,6.37,1,0.48977092
328,101,4,4.7,4.6,6.64,0,0.7316507
335,85,5,3,4.9,6.02,1,0.74295926
275,116,4,2.1,3.4,6.17,1,0.58580935
307,84,3,3.3,3.1,9.85,1,0.71681756
298,93,2,2.4,3.5,8.03,1,0.6150433
292,103,5,2.9,4.4,8.77,0,0.672682
282,93,3,1.9,2.6,6.19,0,0.39937204
269,88,1,2.1,2.5,7.09,0,0.38528082
328,119,2,4.9,3,8.71,0,0.78615725
293,90,2,3,2.1,6.03,0,0.42596874
311,89,1,2.6,1.1,7.14,1,0.55542874
269,110,2,3.1,1.3,8.15,1,0.65923953
278,104,5,1.4,2.2,9.19,1,0.75967467
317,99,3,1.7,2.1,8.94,1,0.744022
260,110,1,3.6,2,8.18,1,0.6709671
328,95,2,2,3,9.46,0,0.72340226
263,116,1,3.6,2,9.42,1,0.8246552
275,85,2,2.2,3.4,7.12,1,0.6293157
283,90,3,4.1,2.2,7.54,1,0.6181552
339,119,3,1.4,2.4,9.7,1,0.9424619
261,98,5,4.1,2.7,6.78,0,0.56675863
291,80,5,1.6,2.8,9.43,0,0.56164724
283,106,5,1.8,1,9.49,0,0.69354284
271,100,5,3.5,1.2,9.83,1,0.817116
309,120,4,2.4,2.2,8.67,1,0.8080902
294,93,5,4.2,3.2,8.3,0,0.59707695
292,99,5,4.6,3.3,9.95,1,0.84399176
292,114,5,3.8,2.7,8.85,1,0.83048296
320,116,3,4,2.6,9.55,0,0.87849975
310,110,5,1.4,1.3,6.25,0,0.6937869
302,81,4,4.1,2.5,9.52,1,0.7303846
271,97,3,2.2,3.2,8,0,0.545508
326,100,4,2.2,4.2,9.91,1,0.8641652
324,104,1,2.8,3.6,8.46,0,0.69949394
292,92,5,1.1,1.3,6.6,1,0.7360091
299,115,2,4,4.8,8.5,1,0.7305798
333,96,1,3.2,1.1,7.64,1,0.4957533
302,91,2,3.1,3,6.12,1,0.59248924
303,101,1,1.6,2,8,0,0.5554785
288,103,1,2,3.3,7.74,0,0.5570759
272,94,5,2.6,2,7.3,1,0.6844724
271,86,3,2.1,2.7,6.8,0,0.40526068
305,82,2,2.5,3.6,7.28,1,0.6530044
261,99,4,3.5,2.6,7.35,1,0.6385541
294,105,3,2.9,1.9,8.89,0,0.7213369
340,107,4,4.8,2.1,7.56,1,0.5726943
267,114,1,4,2.7,6.19,1,0.5482045
285,119,5,4.2,2.6,6.62,0,0.76587963
333,88,3,1.1,2.7,7.29,0,0.5962857
293,86,3,2.2,2.4,7.81,0,0.45501316
266,119,1,3.5,1.4,6.91,1,0.5430255
327,93,4,3,3.8,8.71,0,0.65411884
317,97,4,1.7,4,7.37,1,0.62900907
334,89,5,3.4,1.2,9.57,0,0.56969017
288,114,4,1.4,3.8,9.37,1,0.8468614
295,94,4,1,2.9,9.44,0,0.60623974
280,83,3,4.7,1.4,7.06,1,0.6288836
295,98,3,3.6,4.9,7.63,0,0.66251606
269,107,2,3.6,4.2,8.05,0,0.59792936
332,102,1,3.7,5,9.26,1,0.8626942
283,101,1,3.4,4.9,8.26,1,0.6778587
323,101,4,3.7,1.3,9.38,1,0.80128527
308,113,5,1.4,2.5,7.94,0,0.6498473
295,119,5,3.3,4.7,6.72,1,0.66005737
283,90,1,4.3,4.5,6.55,1,0.66778064
282,117,2,1.7,1.3,9.79,1,0.8779239
321,110,3,2.8,3.9,9.38,0,0.85241157
296,106,2,1.9,2.5,6.01,0,0.65682226
271,84,2,2.4,2.1,8.76,1,0.6448824
314,108,4,3.9,1.6,8.8,1,0.7787264
272,84,3,3.6,4.4,7.22,0,0.5582381
282,97,5,4.8,3.2,9.4,0,0.72439426
289,108,3,1.9,2.1,8.63,0,0.7201475
276,81,5,2,1.9,8.72,0,0.5411722
321,93,1,4.2,4.3,7.38,0,0.65567875
272,102,1,4.2,4.4,8.2,0,0.5867965
318,108,5,4.1,4.5,6.33,1,0.6504558
278,118,2,3.1,2.4,7.19,1,0.5894796
308,87,3,2,1.9,7.2,0,0.4112707
271,83,4,1,1.7,6.42,1,0.75473696
320,116,3,1.2,2.1,7.47,1,0.7487424
278,111,3,1.8,2.2,8.47,0,0.72980034
335,117,4,2,3.1,6.99,1,0.85890937
268,108,2,1.4,1.2,7.03,1,0.5633618
330,108,4,4.3,3.1,8.7,1,0.78909034
287,80,3,2,3.5,9.4,0,0.56087196
337,82,4,2.5,1.8,8.5,1,0.7519787
311,98,2,3.1,4.2,7.79,1,0.65255785
275,93,1,1,1.4,8.67,1,0.65875053
328,111,1,2.7,4.4,6.45,0,0.8298732
271,102,1,4.2,3,6.28,1,0.57650906
284,105,3,2.7,1.6,7.33,1,0.5687669
311,97,4,1.3,4.4,9.83,1,0.78019714
312,94,1,1.6,1.1,8.19,1,0.59815
282,104,3,2.5,3.8,6.88,1,0.5823622
275,115,5,1.3,1.9,9.99,0,0.86419106
316,117,1,3.3,1.1,7.12,0,0.6638793
298,101,1,1,1.9,7.78,0,0.53258425
312,97,5,4.8,1.7,8.59,1,0.7713963
301,91,5,2.1,2.9,7.16,0,0.4369064
317,106,5,3.9,2.7,6.36,0,0.7757851
298,99,1,1.8,3.2,9.05,1,0.71489805
273,95,3,2.9,2.4,6.37,0,0.43185386
264,94,4,2.7,2.6,7.7,0,0.53311616
294,89,5,3.8,3.5,8.66,0,0.6145216
334,118,5,2.1,3.3,8.16,0,0.89549476
277,84,4,4.5,3,9.32,1,0.72386
335,114,3,3.9,1.1,7.68,1,0.56734186
268,96,3,4.7,1.3,8.13,1,0.66761494
333,120,5,3.2,3.3,6.48,0,0.9903068
317,109,5,4.9,2.2,7.3,0,0.6966891
276,83,2,2.6,2,8.19,0,0.4462096
266,101,5,3.9,3.2,9.29,0,0.7670085
305,110,4,1.8,4,7.79,0,0.6216666
272,108,3,4.3,1.8,9.56,0,0.8282425
299,120,2,4.5,4.5,9.1,0,0.82788676
301,95,2,4.6,1.9,7.45,1,0.60654485
268,104,1,2.9,3.6,8.77,0,0.6894145
309,96,2,1.4,2.4,6.16,0,0.552407
286,97,1,2,2.8,9.92,0,0.77158254
325,116,1,2.9,4.5,7.75,0,0.74306285
264,116,2,2.4,4.9,6.44,0,0.57762975
288,108,2,2.5,3.1,7.88,0,0.6054381
296,120,2,2.4,3.8,8.84,1,0.795915
297,106,1,2,1.6,6.36,1,0.48772636
267,110,4,3.3,2.1,9.99,0,0.9234794
324,102,2,2.4,3.5,7.68,1,0.61057746
276,104,5,1.3,4.7,9.01,0,0.69858444
330,101,3,4.1,4.3,6.67,1,0.64469385
304,92,1,4.3,2,9.05,1,0.7001526
263,96,3,2.3,3,9.66,1,0.71276134
295,118,5,2.1,3.8,7.12,0,0.72417086
329,82,2,1.4,4.9,8.7,1,0.75211716
290,80,3,3.9,3.8,7.71,1,0.6593275
278,96,1,3.6,4.2,8.91,0,0.63892746
320,108,4,1.3,2.8,9.21,1,0.84925485
313,97,3,1.4,4,6.56,1,0.6063935
298,88,2,2,3.5,6.72,0,0.4979682
333,105,1,2.6,4,7.82,1,0.6534448
278,103,3,2.5,2.7,8.55,1,0.671174
298,112,4,2,5,9.97,1,0.9390599
326,91,2,3.1,3.8,9.6,1,0.7770426
304,94,2,2.5,1.1,6.15,0,0.47920126
272,93,1,2.2,3.9,9.61,0,0.6891841
317,88,5,4.4,3,8.82,1,0.7348985
279,110,2,2.3,3.3,8.08,1,0.6376872
331,113,4,4.6,3.8,6.39,0,0.9084604
320,81,1,2.8,4.6,7.57,0,0.62141967
298,117,4,3.8,3.9,9.64,1,0.90114933
260,117,2,2.9,2.7,6.37,1,0.54241836
262,80,5,3.1,4.5,8.02,0,0.565318
336,113,4,2.4,3.2,8.65,1,0.799954
321,102,4,3.3,2.4,9.92,1,0.88205427
322,80,3,4.7,1.6,7.32,0,0.5049403
284,112,2,2.5,4.1,7.63,0,0.58241683
315,90,3,1.4,2.2,7.7,1,0.6970035
292,88,1,4.7,1.9,7.27,0,0.49810112
297,86,3,1,2.9,8.27,1,0.6712108
265,116,3,2.8,4.1,7.05,1,0.6345282
317,103,4,2.1,4.4,7.58,0,0.6376491
303,87,3,1.6,1.6,9.27,0,0.52573
304,115,2,2.1,3,7.19,0,0.7059314
291,81,5,1.4,3.8,8.48,0,0.5576676
304,85,5,2.9,3.1,8.6,0,0.5554027
320,116,4,2.1,4.8,9.69,0,0.9315447
306,91,2,4.5,1.3,7.04,0,0.48691794
280,98,3,1.2,1.3,9.77,0,0.70618206
339,108,4,2.1,2.7,8.01,0,0.7808092
334,98,4,3.8,2.5,6.04,1,0.55185324
295,110,4,1.1,3.7,9.81,1,0.89168376
278,118,4,3.8,1.5,8.66,0,0.7677397
279,108,1,3.6,3.4,9.24,0,0.7703943
316,100,4,2,4.6,7.15,0,0.6164774
277,114,1,2.2,3.8,6.36,0,0.55317336
306,112,5,1.4,1.4,7.38,1,0.6296042
308,100,2,1.1,4.5,6.99,0,0.57907814
273,89,3,3.3,3.2,9.43,0,0.6390275
274,83,1,1.2,4.4,9.71,1,0.6632816
290,91,5,3.5,4.9,7.62,1,0.6895897
260,89,1,1.7,3.4,8.52,1,0.59031284
313,82,2,4.8,3.3,8.54,0,0.59338653
262,87,1,4.7,3.8,6.46,1,0.569157
275,84,1,3.7,4.5,6.84,0,0.55978364
316,115,3,1.6,1.5,6.97,0,0.7389022
334,101,3,1.2,1.4,8.91,0,0.64394355
271,114,1,2.1,1.6,9.24,1,0.7887446
333,102,3,3.2,2.5,7.23,0,0.7038726
275,83,4,4.2,4.8,6.9,0,0.6202887
331,95,1,2.8,2.1,6.92,0,0.53999203
335,116,4,4,1.3,7.26,1,0.6237407
283,101,3,1.1,4.5,9.75,1,0.7879682
287,100,1,2.2,2.5,9.88,0,0.7944852
267,106,2,3.9,2.1,9.76,1,0.7987031
295,119,1,2.1,4.8,6.28,1,0.6818264
267,87,5,3.4,2.1,8.99,1,0.7214239
317,86,3,1,1.7,8.03,0,0.4811612
319,113,4,4,4.8,8.33,0,0.7658686
309,109,5,4.5,1,8.8,0,0.7001292
287,104,5,2.2,2.1,9.21,1,0.7948961
300,117,3,1.2,1.9,7.49,1,0.66614133
323,94,2,1.6,1.8,6.19,0,0.5402903
286,107,2,1.8,1.9,7.88,1,0.6008675
322,119,4,3.2,3.3,8.87,1,0.8469089
276,88,2,4.3,1.1,6.4,1,0.5766104
332,84,2,2.7,3,6.72,0,0.5094514
292,116,2,4,3.2,8.45,1,0.7346356
336,120,3,2.8,3.3,9.99,1,1.0087831
288,101,5,2.1,2.3,9.1,1,0.7600124
272,118,1,3.2,3.1,7.75,1,0.6447726
305,119,1,3.6,1.7,9.59,0,0.8634099
294,94,2,3.7,4,7.11,0,0.5844337
265,114,2,4.6,2.9,6.2,1,0.5705755
328,106,5,4.7,2.8,6.24,0,0.8427774
306,96,4,3.1,1.7,6.93,0,0.48844618
284,98,2,1.4,3.3,8.68,1,0.6457393
325,97,1,3.8,1.7,9.84,0,0.7740517
269,89,2,1.5,3.1,8.94,0,0.564954
315,81,1,4.1,4.1,9.71,1,0.74721766
289,81,2,3.6,3.4,7.83,0,0.50871617
264,106,3,4.2,2.2,9.94,0,0.8783761
292,95,2,1.1,3.7,9.83,1,0.73917305
324,111,2,3.3,1.6,6.54,1,0.56595236
277,117,1,4.6,4.4,7.11,1,0.71283835
308,105,5,2.4,1.3,10,0,0.7305061
270,111,3,3.3,4.4,6.47,1,0.6314884
285,113,3,4.4,1.3,7.59,1,0.63356286
322,87,5,2.8,4.8,9.99,0,0.7412647
318,115,3,2.3,3.9,7.34,1,0.66977787
286,109,4,1.6,2.9,6.74,0,0.6011039
308,84,4,1.5,4.6,8.83,1,0.6799827
336,111,2,2,4.8,9.27,1,0.8726869
292,87,4,4.7,1.8,9.47,1,0.7540953
260,101,5,1.5,4.9,6.26,1,0.5567578
280,117,5,4.4,3.1,6.55,0,0.7102214
314,80,2,1.7,3.7,7.44,0,0.55291903
265,90,1,2.1,4.5,7.16,1,0.5750778
340,117,1,1.9,4.8,7.75,0,0.9074182
328,85,1,2.5,4.4,7.23,0,0.600353
264,99,3,2.6,2.6,8.54,0,0.6474733
262,99,1,2.6,2.3,8.13,0,0.5753135
312,97,4,2.5,3.8,6.35,0,0.61336386
282,97,2,1.2,3.4,8.24,1,0.59106004
312,86,5,1.2,1.5,9.14,1,0.7841333
296,111,5,2.5,1.5,8.27,1,0.73075336
333,105,2,2.2,4,7.73,0,0.7405349
333,103,5,3.3,4.7,9.15,0,0.7695211
276,91,3,1.2,3.3,6.39,1,0.61986697
337,105,2,1.8,1.5,8.26,0,0.6768016
332,109,5,4.2,4.8,9.31,1,0.8781428
260,97,5,4.3,1.2,9.24,0,0.7494835
310,83,1,3.2,3.3,8.02,1,0.6641089
304,113,1,4.9,1.6,6.68,1,0.53878236
336,102,3,2.5,2.5,7.73,0,0.7030315
263,108,2,4.6,3.3,6.52,1,0.62955767
321,88,2,3.6,4.4,9.29,1,0.7480483
324,118,3,2,1.6,8.59,0,0.8085958
291,91,2,4.7,2.6,6.79,0,0.53309166
293,116,3,4.9,3.5,8.8,0,0.7548968
331,91,4,2.3,1,8.5,1,0.7455976
298,95,4,2.7,1.5,8.4,1,0.6806974
285,98,5,3.4,3.9,9.73,0,0.74857813
293,91,1,1.4,4.4,7.58,0,0.5426888
313,80,2,2.8,3.3,9.95,0,0.6145803
262,80,4,4.1,3,7.08,1,0.6790101
309,98,5,2.8,3.3,7.11,0,0.5180501
271,116,3,4.5,4.7,7.97,0,0.7077161
324,120,2,3.2,1.2,7.27,1,0.640515
313,81,5,4.6,4.1,7.85,0,0.6237956
264,92,5,4.6,2.4,6.14,1,0.67385143
316,83,3,2.2,1.7,6.81,1,0.7270048
276,98,1,4.5,4.1,9.28,0,0.67684925
306,119,4,2.7,4.4,6.26,0,0.8723273
282,112,3,1.9,2.1,6.39,0,0.6814678
338,96,5,1.8,2.4,7.45,0,0.66700804
273,96,1,1.5,1.1,8.45,1,0.6440784
325,83,5,1.2,3.6,6.98,0,0.6158872
334,87,2,2.4,4.5,6.95,1,0.71590966
310,109,2,1.6,3.2,7.99,1,0.63565844
297,116,1,3.9,1.2,7.79,1,0.59930533
323,111,5,1.9,2.3,6.07,0,0.81699127
297,81,4,2.7,2,8.59,0,0.50260013
309,104,2,1,2.4,8.41,1,0.6838961
289,105,4,4.9,1.5,7.63,0,0.60610956
338,120,4,3.8,4.6,7.92,0,0.91061276
310,92,4,2,2.3,7.26,1,0.6426568
322,98,1,2.2,1.5,9.59,0,0.7111892
311,103,5,2.3,3.9,6.06,0,0.71805304
297,88,1,4.2,2.8,7.55,1,0.6582965
338,114,3,2.2,2.7,7.42,1,0.7615515
289,111,2,3.4,2.8,7.23,0,0.5569379
310,80,4,2.4,2.7,8.56,0,0.5183126
340,110,5,2.2,1,8.67,1,0.7035345
264,97,4,4,3.9,9.8,1,0.78045607
288,94,1,2.2,3.6,6.69,0,0.47964767
263,103,5,2,4.5,9.31,1,0.7759998
269,80,3,4.2,4.4,6.83,0,0.58399224
315,94,1,2.3,3.5,6.19,1,0.55362576
276,102,5,1.3,1.7,8.44,0,0.5423242
333,99,2,3.3,3.1,9.55,1,0.82213366
276,109,1,3.1,4.1,8.09,1,0.65238047
328,92,5,4.7,3.5,9.49,1,0.799218
293,84,5,4.7,4,9.19,0,0.6806824
265,116,3,4.8,2.6,8.17,1,0.7808061
312,90,5,3.9,3.7,8.87,0,0.64106065
325,85,5,1.5,2.3,7.21,0,0.5796975
336,117,4,4.1,4,7.11,1,0.711292
302,104,3,3.2,2.7,7.24,0,0.5185703
334,117,1,3.2,4.4,8.92,0,0.81527627
282,118,3,4.6,3.8,9.55,1,0.8707202
314,119,3,2.8,4.9,8.65,1,0.80049974
339,108,2,4,3.7,8.98,0,0.78429914
334,116,5,4.7,3.2,8.21,1,0.73822904
275,119,4,1.5,4.6,8.7,0,0.80845594
267,112,5,3.5,3.8,6.12,1,0.6329917
263,86,1,4.3,1.4,7.82,0,0.4723219
263,97,2,3.2,1.6,6.72,1,0.576617
315,119,5,1.5,1.2,8.96,0,0.71600485
284,114,3,2.4,2.4,6.03,1,0.55605185
326,89,5,4.4,2.4,9.2,0,0.62040687
326,102,5,4.4,4.3,7.99,1,0.7316731
286,93,3,1.8,2.1,6.97,0,0.3895574
291,98,1,3.3,2.7,7.03,0,0.48058787
309,109,5,4.7,1.4,7.77,1,0.6780614
320,88,4,4,2.9,7.74,1,0.6725397
310,84,1,4.9,2.9,8.28,0,0.5722861
278,118,3,3.9,3.6,9.66,1,0.87622577
280,111,5,3.3,4.6,9.46,1,0.83300984
264,118,4,1.3,4.1,9.96,0,1.0075332
301,119,2,2.6,3.9,8.62,0,0.776653
320,107,3,4.5,4.5,6.29,0,0.74342185
281,115,4,2.5,2.1,6.64,1,0.5336139
280,89,1,2,3.1,9.03,0,0.5778061
329,83,4,1,4.3,6.92,0,0.63527113
260,116,4,2.3,2.9,6.62,0,0.6308556
264,107,4,4.2,3.6,7.21,0,0.6291179
271,116,2,2.5,1.1,9.04,0,0.82289976
305,103,2,2.3,2.4,7.58,0,0.55148125
293,113,1,1.7,4,8.47,1,0.6764705
308,106,4,1.6,1.9,7.29,0,0.6329608
337,80,3,2.8,3.6,9.73,1,0.74553853
304,100,5,2.8,2.8,9.87,0,0.74770796
286,86,1,2.8,4.5,9.18,0,0.58831906
332,119,1,3.3,3.3,6.39,0,0.8686437
285,94,4,1.7,2.6,7.15,0,0.41231516
306,93,5,4.9,3.3,7.47,0,0.6236192
315,109,4,3.9,1.2,7.21,0,0.7051071
322,80,5,2,3,8.06,0,0.5224014
307,82,4,1.3,3,9.03,1,0.7045339
320,112,3,2.6,1.3,8.39,1,0.687931
340,90,2,1.7,1.3,8.29,0,0.5489174
285,102,1,2,2.3,6.36,0,0.47227746
295,120,4,2.1,3.6,6.75,0,0.77457935
260,104,2,4.8,3.7,8.07,0,0.6214486
267,83,4,4.3,2.5,9.63,1,0.7362708
311,119,1,3.8,1.2,6.91,0,0.6928887
338,111,2,3.9,4.2,6.58,0,0.85854334
306,99,5,3.8,2.1,7.69,1,0.6732725
315,95,2,4.5,1.5,9.56,1,0.7730093
273,99,4,1.1,1.6,6.06,0,0.48657146
287,113,1,1.9,3.5,9.61,1,0.8312779
337,103,3,3.6,4.2,9.37,1,0.8531548
261,87,1,3.2,1.2,7.78,0,0.45239833
285,83,2,5,2,7.67,0,0.47085047
273,109,1,2.9,1.6,8.64,0,0.7198387
318,80,1,1.1,1,6.1,1,0.6475267
315,106,3,4.3,2.2,8.76,0,0.709182
266,110,2,3.2,1,8.42,1,0.6912519
262,92,1,3.2,2.5,7.12,0,0.433349
282,101,4,3.5,1.8,7.94,1,0.68881947
277,86,1,2.9,3.6,8.5,1,0.6252921
297,95,1,2.5,3.4,8.79,1,0.6717793
274,106,2,2.6,3.4,8.88,1,0.6937937
323,115,1,2.1,4.3,8.07,0,0.7464667
287,82,5,2.1,4.5,9.28,1,0.72865903
333,97,5,3.8,4.1,6.46,0,0.7091529
298,93,2,3.5,4.5,7.7,1,0.6637624
316,80,2,4.3,2.7,7.08,1,0.6602728
276,118,1,2.3,2.8,7,0,0.58141774
303,98,2,2,4.6,7.61,1,0.6115416
284,82,3,1.8,1.6,8.12,0,0.4363045
276,101,4,4.4,4.7,7.13,0,0.6329589
272,120,5,1.5,2.2,6.55,0,0.78621125
284,80,4,3.2,1.6,8.7,1,0.7133223
327,86,1,3.2,2.4,8,0,0.5537817
269,108,5,1.9,2.4,6.98,1,0.5871008
326,86,2,2.5,4.8,9.48,0,0.7013867
277,88,4,2.8,3.9,6.91,0,0.5105405
293,111,4,4.3,2.7,8.15,0,0.6536302
267,111,3,2.9,3.3,9.68,1,0.81242913
299,95,4,3.8,2,9.42,0,0.67865133
301,84,1,2.7,4.3,6.38,1,0.6403765
300,113,5,2.3,2.9,7.79,0,0.63286674
265,111,3,3.9,2.8,7.56,0,0.6417497
311,117,2,3.9,2.9,8.89,0,0.782144
285,119,3,4.4,2.2,9.05,1,0.8447954
323,98,5,3.9,2.3,9.13,1,0.8054546
318,112,1,4.1,4,7,1,0.64343137
315,108,5,2.5,2.2,8.68,0,0.58697414
318,100,3,1.4,3.5,8.96,0,0.7060259
329,116,1,1.7,1.1,7.59,1,0.7081175
292,86,5,2.9,4.2,7.85,1,0.6730368
312,95,5,4.9,1.4,6.24,1,0.56406325
281,92,4,1.9,4.6,9.35,0,0.63611954
280,118,2,2.3,1,7.34,0,0.7066435
329,116,1,4.4,2.7,9.32,0,0.8379087
329,97,3,3.8,3.6,8.67,1,0.7327617
263,89,2,2.8,3.6,9.5,0,0.64638615
334,102,4,1.7,4.9,7.85,1,0.6897234
321,102,3,4.9,2.7,6.24,0,0.69516635
321,119,2,4.2,4.5,7.1,0,0.79743624
283,115,1,1.9,3.6,8.8,1,0.7174542
314,112,1,3.9,2.8,6.73,1,0.5600791
268,91,4,4.8,2.2,9.75,0,0.7198903
262,99,3,2.3,1.6,8.7,0,0.6721872
290,113,2,3.4,1.4,9.31,1,0.81316626
299,85,4,4.5,4.7,7.27,0,0.6774442
295,89,5,4.2,3.7,8.93,0,0.65053004
283,89,3,3.6,2.9,7.84,0,0.5031894
265,82,4,3.1,2.8,8.1,0,0.53893924
325,117,3,4.6,2.4,9.61,1,0.9222736
334,107,5,4.8,4.6,9.24,1,0.8656673
263,94,5,2,3.6,7.42,1,0.62626284
338,88,2,4.5,4,7.41,1,0.68401307
265,83,4,2.2,4.5,8.66,0,0.57230437
310,117,1,4.9,3,9.82,0,0.8837034
321,109,4,4.7,4,9.17,1,0.83910817
316,117,1,2.1,2.4,7.95,1,0.68674237
325,112,1,1.8,4.9,9.66,0,0.9034055
338,91,4,3.3,2.3,7.07,0,0.5822392
334,114,2,3.8,4,7.01,1,0.6469845
267,91,1,3.2,2,9.28,0,0.6340586
285,114,2,3.3,4.4,6.4,0,0.60407037
310,117,2,4.2,3.6,8.61,1,0.7687587
304,96,5,2.8,4,7.96,1,0.66171664
303,112,2,4.6,3.5,6.76,0,0.6457009
264,113,3,3.1,1.6,7.02,1,0.5719477
329,98,5,3.9,2.2,9.97,1,0.8813969
285,99,4,1,4.3,7.23,1,0.568962
327,105,5,1.9,3.3,9.6,0,0.7059635
278,117,1,4.8,2.8,7.49,0,0.6623858
279,110,3,1.8,1.5,6.94,0,0.61900765
271,89,1,1.3,3.9,9.41,1,0.656881
306,87,4,1.8,1.9,6.96,0,0.43726477
260,86,4,1,3.8,8.83,0,0.57832396
273,112,1,1.4,2.6,8.07,0,0.6758596
323,101,1,1.6,5,9.76,1,0.8655225
297,114,4,3.6,1.5,9.97,0,0.9082859
296,88,3,4.7,2.7,9.33,0,0.6065012
270,117,5,3.8,2.4,8.51,0,0.77290475
336,98,4,1,3.4,8.69,0,0.6894069
262,111,5,1.9,4.4,9.23,0,0.83644295
292,113,3,3.9,1.4,7.33,0,0.6106147
265,92,4,2.5,1.2,7.65,0,0.516641
309,101,5,3.1,3.6,7.38,0,0.57320917
269,114,2,3.9,3.3,9.73,1,0.8349984
264,120,5,3.4,4.1,6.53,0,0.68112606
282,94,4,2.1,1.3,6.11,1,0.6343364
269,94,4,1,3.2,8.9,0,0.6047648
303,115,1,4.8,3.3,7.04,0,0.6773909
261,111,4,4.1,1.4,9.27,0,0.8360161
272,93,4,2.8,4,6.34,1,0.606912
299,109,5,2.9,2.2,6.96,1,0.5737537
261,93,2,4.8,1.1,9.69,1,0.7463699
324,107,2,1.7,1.9,9.09,0,0.7020434
322,114,5,4.4,4.1,6.26,0,0.8997847
332,117,1,1.3,4.2,9.36,0,0.86320776
276,119,3,4.6,2.8,7.54,1,0.71520644
268,113,1,3.2,1.8,7.82,1,0.63041496
334,84,4,1.9,4.7,9.24,1,0.74989223
274,103,4,4,4.3,7.17,0,0.6023717
283,88,4,1.8,2.5,8.62,0,0.5297328
297,90,3,3.6,2.6,6.69,0,0.49669307
294,99,4,4,2.7,9.41,0,0.7191502
308,113,2,2.5,4.5,7.29,1,0.6231444
328,118,3,4.2,2.9,8.83,0,0.78360826
321,84,4,4,4.7,6.47,1,0.7055882
319,112,5,4.1,3.5,8.32,1,0.7620567
309,107,3,2.8,2.4,6.99,0,0.6551576
337,115,2,4.4,3.1,8.69,1,0.75095886
334,120,3,4.1,2.4,6.96,0,0.9137054
268,109,1,3.2,2.6,8.25,1,0.6562619
293,106,2,3.6,4.8,9.16,0,0.7732105
335,90,5,2.3,2.4,8.52,0,0.5604401
294,96,5,4.5,3.4,8.28,1,0.7205408
260,111,3,4.2,1.2,7.08,1,0.59666735
299,102,1,2.2,4.2,6.61,0,0.53809524
323,97,2,4.6,3.3,7.6,1,0.65530866
281,101,1,4.6,3.3,9.71,1,0.7709701
319,107,4,1.2,4.1,8.75,0,0.6963614
323,94,2,2,2.4,7.36,1,0.5916677
331,99,1,1.6,3,8.52,0,0.67632174
270,111,2,1.8,3.7,7.2,0,0.53470737
273,102,2,3.3,2.2,9.93,0,0.8369407
319,87,4,4.4,2.6,9.07,1,0.7259014
289,97,5,2.2,2.6,6.31,1,0.58170503
294,115,3,4.8,1.1,6.47,0,0.7014851
296,102,3,4.8,4.1,9.1,0,0.7028745
264,101,4,4.3,1.3,6.75,0,0.57087606
337,113,3,4.3,3.3,6.56,0,0.90248585
285,99,4,4.6,1.2,9.63,0,0.7778479
321,114,3,4.9,2.6,6.4,1,0.56836164
263,95,1,2.8,4.4,9.87,1,0.75214833
301,80,2,2.3,3.7,8.42,0,0.5250736
277,92,1,3.2,1.8,8.11,1,0.60308635
299,110,3,1.5,3.5,8.67,1,0.73799974
331,105,5,3,1.6,7.57,1,0.56128234
298,103,5,2.4,1.8,7.47,0,0.4991427
273,107,1,4.9,2.1,9.86,0,0.83455026
291,112,2,4.5,4.5,7.16,1,0.70988923
310,103,4,3,4.9,8.6,0,0.74505687
297,82,1,1.2,4.3,9.66,0,0.5970282
282,103,5,4.7,4.7,8.96,0,0.73232275
322,87,4,1.5,2.3,9.63,1,0.77130246
274,93,2,1.4,3.1,7.63,0,0.4637737
284,81,2,3,2.3,6.42,1,0.60964966
276,85,1,2.6,2.1,8.28,0,0.4568571
325,91,4,4.2,1,6.35,0,0.5897888
337,115,3,1.9,4.6,9.04,1,0.8745062
312,105,3,1.1,4.8,8.29,1,0.70166075
310,108,2,2.1,2.1,7.57,1,0.52920216
298,83,4,3.3,1.1,6.13,1,0.65965503
310,109,2,2.8,1.9,8.3,1,0.65746105
329,95,3,2.9,3,9.64,0,0.74543303
265,87,2,1.4,3.7,9.78,0,0.638906
326,111,3,2.7,2.2,8.96,0,0.7492225
266,114,2,2.7,1.7,9.13,0,0.8281792
310,119,5,2.8,1.9,8.32,1,0.75751525
331,103,2,2,3.2,9.05,1,0.79236007
301,110,5,4.3,4.7,7.26,1,0.7216151
323,118,3,4.7,4.7,7.07,1,0.7073547
274,113,4,4,4.5,9.25,1,0.8018403
288,84,4,4.1,1.9,6.11,1,0.67239237
292,93,1,3.5,3.5,6.23,1,0.62478864
286,116,3,4.3,4.9,8.19,1,0.7541292
295,115,3,4.8,4.9,6.16,0,0.7035853
288,96,5,2.1,1.4,7.29,0,0.40542498
297,99,1,1,1.1,7.31,0,0.49010876
316,80,4,2.7,2.1,9.96,1,0.7539792
286,95,4,1.3,1.3,7.28,0,0.3761822
314,102,3,2.4,3.7,7.85,1,0.62188286
292,90,2,1.2,1.2,7.64,0,0.42721295
327,83,5,4,3.4,8.54,1,0.72639483
325,102,2,1.5,1.8,7.91,1,0.5612986
269,110,2,3.9,2.1,9.69,1,0.8233099
264,110,3,2.4,4.5,8,0,0.6314112
333,84,2,3.5,4.8,9.88,0,0.7454827
297,106,1,3.4,3.5,6.56,1,0.59835285
272,108,1,3.4,3.3,8.11,0,0.6097811
290,92,5,1.9,1.3,7.93,0,0.4419538
306,114,1,4.9,2.8,9.46,0,0.8199838
311,88,1,4,4.7,7.56,0,0.6560101
315,97,3,2.3,3.3,8.58,1,0.69573337
274,94,5,4.8,3.6,9.94,0,0.7636132
288,103,2,2.3,1.3,8.47,0,0.6431383
267,110,5,3.6,3.3,8.64,0,0.74642354
264,86,4,4.7,4.5,8.28,0,0.6240465
288,88,1,3.6,1.5,6.67,0,0.4020222
306,95,1,1.4,4.1,9.61,0,0.73530984
327,113,4,3.7,4.5,9.38,0,0.85967827
335,111,3,3.1,2,8.08,0,0.78040993
304,102,5,1.8,2.2,7.11,0,0.55711496
261,99,5,1.3,3.9,9.33,0,0.7169881
286,115,4,2,2.9,7.39,1,0.6087498
295,88,4,1.4,3.3,7.96,1,0.64067465
295,93,2,4.1,2.3,8.64,0,0.57189274
285,99,3,1.5,4.2,8.62,0,0.6436228
302,92,5,1.8,3.5,7.51,0,0.48106977
286,96,4,1.4,2.1,9.26,0,0.62341577
328,101,3,3.2,1.7,9.39,1,0.80791456
279,84,2,2.3,1.5,9.11,0,0.53802234
270,115,2,4.6,2.8,7.15,0,0.6468737
333,111,3,1,1.9,7.21,1,0.7402178
297,108,3,1.1,2,6.55,1,0.56805307
265,91,4,4.1,4.2,8.76,1,0.70173883
331,114,4,2,2.1,8.86,1,0.79258615
282,83,5,4,1.4,6.03,0,0.43356392
306,96,1,4.4,2.9,8.56,1,0.7047266
305,100,4,1.3,1.2,6.17,1,0.6070215
271,97,2,4.1,4.5,9.58,0,0.72254723
272,118,2,1.5,4.9,9.73,1,0.88800323
321,88,2,1.1,2,9.34,1,0.7242757
319,93,3,4.1,5,9.4,0,0.7638386
302,103,2,3.5,4.2,8.29,0,0.63707435
335,92,3,3.3,4.2,8.48,1,0.73903066
327,114,5,2.9,2.8,7.69,1,0.6859696
264,95,5,4.3,3.5,9.53,1,0.7924569
296,83,5,1.8,2,6.29,1,0.76471335
331,82,5,2.9,2.9,8.9,1,0.7470331
290,113,2,1.1,1.7,6.49,0,0.682998
268,94,4,1.1,3.6,6.71,0,0.42884842
310,110,5,5,1.6,6.6,0,0.7532259
288,80,4,2,1.1,6.94,0,0.40687698
337,80,5,4.9,4.7,9.25,1,0.8187458
299,112,3,3.2,1,6.91,1,0.48305038
300,105,2,1.9,1.1,8.46,1,0.67322004
270,80,5,4.9,3.6,7.05,1,0.6857737
282,95,4,1.9,3.3,7.85,0,0.50910527
260,116,1,4.4,1.4,9.46,1,0.84634537
305,114,3,4.3,1.3,6.04,0,0.77251357
280,87,4,2.3,1.7,6.37,1,0.6720429
295,114,5,4.6,3.6,7.03,1,0.7141075
313,81,5,1.8,4.2,6.37,1,0.73945993
316,97,4,4.9,4.8,9.2,1,0.77277285
260,89,5,2.5,4.5,7.93,0,0.5768294
322,89,5,2,3.9,7.8,0,0.5388932
313,91,4,3.9,1.4,9.93,1,0.79827267
314,118,4,1.5,4.7,9.07,0,0.83640933
299,103,2,2.7,4.1,7.31,0,0.5831994
274,101,1,3.5,2.8,7.6,1,0.6252785
280,120,4,1.2,2.2,7.34,1,0.6462011
306,84,4,1.5,4.3,7.21,1,0.6625859
332,101,2,2.8,3.9,9.83,1,0.8780748
312,83,5,4.2,2.1,8.6,1,0.7210067
268,120,1,3,1.1,8.88,0,0.81819636
333,97,3,2.1,4.9,7.56,1,0.69075
311,109,4,2,3.6,9.49,1,0.87226
316,112,1,4.8,1.3,9.59,1,0.8628047
285,101,3,2.2,3.1,6.74,0,0.4644053
300,85,1,2,4.3,9.16,0,0.6009576
294,117,2,2.1,3.8,8.42,1,0.7125212
322,117,3,4.9,3.9,6.72,0,0.83901274
284,90,3,3.2,3.5,8.55,1,0.6390389
334,120,1,3.7,2.5,7.94,1,0.68156075
297,86,4,4.6,2.8,8.52,1,0.6876809
261,103,3,4.3,1.3,7.27,1,0.6145742
266,87,4,2.2,2.9,6.39,1,0.66031045
293,91,2,1.9,4.6,7,1,0.6032934
276,89,2,2.5,1.4,9.59,1,0.671069
302,90,3,3,1.5,7.22,0,0.4209475
318,99,4,2.6,1.7,9.89,1,0.8332464
310,117,2,2.6,1,7.86,0,0.74168706
313,102,2,4.4,4,6.02,0,0.639973
283,101,1,4.2,2.8,9.37,1,0.7339505
284,101,1,4.5,3.4,7.95,1,0.6913652
330,118,3,1.6,1.7,7.91,0,0.80895597
311,120,1,1.4,1.4,8.4,0,0.77257544
329,82,3,1.1,1.8,9.26,1,0.76628286
292,114,5,4.4,4.2,8.38,0,0.71766955
308,95,1,2.3,4.7,6.39,0,0.57215637
288,97,5,1.1,2.8,9.05,0,0.574836
322,92,1,2.1,2.6,8.04,0,0.5615924
281,101,1,3.1,3.5,8.19,1,0.6407934
285,88,3,3.8,4.6,6.35,1,0.6676661
287,85,5,2.3,3.4,9.4,0,0.615026
308,88,1,1.3,2,6.25,0,0.44430766
330,97,4,3.3,1.8,7.23,1,0.5126427
340,112,4,1.7,1.1,8.69,0,0.7244015
308,117,1,1.7,2.8,6.47,0,0.769027
279,101,1,3.1,2.7,9.09,1,0.69988674
322,112,1,3,1.6,7.91,1,0.5755688
320,108,5,2,1.3,7.03,0,0.68257785
308,95,3,2.4,4.6,7.38,0,0.6411329
330,83,5,1.7,2.3,7.94,0,0.56902593
260,115,4,3,4.4,7.13,0,0.6446535
272,89,3,3.1,3.3,7.39,0,0.48229387
310,111,1,4.1,1.1,6.24,1,0.49624228
315,111,3,2.7,3.1,7.18,0,0.7287745
321,93,3,4.2,2.2,7.83,1,0.63437515
291,99,4,2.5,1.4,6.83,0,0.48425168
289,97,2,3.9,2,9.58,1,0.75499237
288,82,1,3.6,4.1,6.94,0,0.55029184
308,85,5,1.5,2.3,7.31,0,0.4596771
304,97,5,2.1,3,9.5,1,0.7691468
289,111,3,4.1,1.4,8.84,1,0.78139865
275,88,4,4.1,4,9.31,0,0.649483
299,105,5,2.9,4.9,8.95,1,0.77599
278,98,4,3.1,2.7,7.95,1,0.6537359
277,85,3,2.5,5,6.11,1,0.6336778
260,81,1,1.8,1.2,9.41,0,0.5528563
337,107,3,3.2,3,9.64,0,0.8522128
306,99,4,4.8,3.9,6.46,1,0.69383657
325,93,4,1.5,1.3,8.12,1,0.73633474
297,112,4,4.5,1.2,6.44,0,0.71783423
310,83,4,4.6,2.8,6.02,1,0.6624975
322,107,5,4.1,3.1,7.94,0,0.6401853
263,116,2,4.9,3.9,8.4,0,0.73576885
260,109,3,2.8,2.9,8.76,1,0.7122806
267,97,2,3.1,4.2,7.65,0,0.5221078
288,88,3,1.9,3.3,7.66,1,0.60455304
314,86,1,1.3,2.1,6.68,0,0.45568997
262,115,3,4.6,1.3,6.24,1,0.5119379
291,94,4,2,3.2,9.53,1,0.7210825
269,106,2,3.7,4.6,8.48,1,0.6799353
333,84,1,3.9,4.5,6.78,1,0.69847304
293,117,3,4,4.9,9.24,1,0.8228751
314,84,5,4.2,2.4,6.33,0,0.51595545
291,101,3,3.1,1.6,6.09,1,0.5161779
309,102,5,3,2.8,8.14,1,0.6851554
266,92,2,3.2,4.1,7.58,1,0.5980977
267,85,4,2.1,3.9,8.59,1,0.66302747
324,113,4,4.2,3.7,7.46,0,0.74980146
316,81,2,2.5,2.6,8.07,0,0.50470597
326,88,1,4.7,3.3,7.03,0,0.62529194
318,101,2,1.5,2.5,6.41,0,0.6521682
331,105,4,3.6,2,9.82,1,0.8969936
313,99,4,3.8,3.5,9.54,1,0.81579506
326,89,5,2.5,3.9,7.43,0,0.546225
310,100,2,2.3,4.9,7.77,1,0.64522684
267,90,5,4.3,3.8,6.91,0,0.57355875
293,119,5,2.6,1.8,7.37,1,0.6501099
294,100,3,2.8,3.2,8.69,0,0.66511863
337,97,4,3.7,1.2,9.81,0,0.72092116
291,81,2,3.2,1.7,6.98,1,0.61329323
305,115,2,4.8,1.5,6.08,1,0.49773854
275,108,5,4.6,1.7,9.64,1,0.8687859
327,101,2,4.4,3.2,6.7,1,0.59956086
296,95,5,1.2,2.7,7.34,1,0.65741247
313,103,3,3.4,3.9,9.92,0,0.84609693
273,81,5,1.1,3.8,9.69,0,0.6198037
314,110,3,3.6,3.9,7.6,0,0.63497454
307,105,4,2.6,2.8,7.74,1,0.62926817
266,86,3,2.3,4.6,6.98,0,0.50364333
333,115,1,4.5,5,9.56,1,0.92044646
266,116,2,3.3,4.8,7.5,0,0.636441
292,97,5,3.4,4.4,6.35,1,0.61748517
282,106,5,4.6,4.7,7.76,0,0.6909799
278,109,5,4,4.4,8.77,0,0.7270482
278,89,3,1.8,1.2,8.16,1,0.70241517
295,120,1,2.1,4.2,9.72,1,0.90090626
288,110,4,4.1,2.5,8.16,0,0.65407026
319,95,4,2.2,1.2,9.6,0,0.6065806
261,98,4,1.8,1.2,9.64,1,0.71312577
260,115,4,2,2.4,9.98,1,0.90603286
306,112,5,3.1,3.7,8.63,0,0.68034565
328,85,4,3.2,2.3,7.39,1,0.68863344
279,95,4,4.6,1.1,6.42,1,0.6070909
270,83,2,3.9,1.5,7.71,0,0.42140052
261,88,1,2.1,1.3,9.4,1,0.68473333
326,104,4,1.4,2.4,6.68,1,0.7561066
271,102,1,4.8,2.5,8.55,0,0.62344885
279,83,3,4.8,2.4,6.77,0,0.512247
264,84,2,3,2.3,7.29,1,0.62962854
296,105,1,4,2.4,7.37,0,0.54510313
297,106,4,3.8,2.7,6.64,1,0.5847502
268,83,5,3.1,2.4,6.47,1,0.7235155
312,100,2,2,1.2,8.65,1,0.6806584
303,104,4,2.6,1.9,9.21,0,0.71893525
283,90,3,3.3,3,6.26,1,0.6434614
340,110,2,4.4,4.9,9.11,0,0.8332245
333,96,3,3.1,1.1,6.86,1,0.4524219
289,86,1,3.8,2.2,9.92,1,0.7133523
318,120,2,1.2,2.2,7.3,1,0.7604978
340,106,4,1.6,1.9,6.78,0,0.7577384
340,92,1,4.6,3.3,6.48,0,0.6471479
273,110,4,2.8,2,6.19,1,0.51756924
268,83,4,1.3,4.6,6.99,1,0.648965
299,88,4,4.4,2.2,9.89,1,0.77236384
325,109,3,4.4,4.2,9.76,1,0.8897649
284,103,5,2.2,1.3,6.97,0,0.5139389
332,83,4,3.2,1.1,9.19,0,0.5119699
281,82,4,1.6,5,7.79,1,0.6396786
263,118,3,3.6,3.6,7.16,0,0.6714474
285,108,1,3.3,4.1,7.31,0,0.5609497
317,100,4,2.3,3.3,9.1,1,0.7779605
288,91,1,2.8,2.6,8.43,0,0.5315117
296,97,3,3.4,4.9,9.68,1,0.7648133
334,84,3,2.8,2.3,9.55,1,0.73704207
329,102,2,4.3,4.6,8.44,0,0.747328
277,96,2,1.9,1.7,9.15,1,0.6815707
301,116,5,4.2,3.1,6.76,1,0.63266504
300,110,2,2.1,1.3,7.48,1,0.5245689
297,91,2,4,4.2,6.67,1,0.6798221
293,101,1,4.3,1.4,9.64,0,0.7653199
276,118,2,1.7,4.4,8.79,0,0.82236975
296,84,5,3.5,1.7,8.57,0,0.53489566
284,99,2,4.1,3.6,8.5,1,0.6765846
335,95,5,1.5,4.7,7.39,0,0.70476997
286,89,5,3,2.2,8.05,0,0.50439173
316,91,4,1.2,4.2,9.4,0,0.65255916
290,85,5,1.1,3.9,6.66,1,0.72474515
265,102,1,2.8,1.1,6.68,1,0.5426189
299,104,4,3.7,4.8,9.59,0,0.8168805
271,100,3,4.2,2,6.66,0,0.5382714
312,98,1,1.9,1.6,7.46,0,0.5303609
330,113,1,1.8,1.5,9.55,1,0.8678176
269,119,5,1.5,2.1,8.82,0,0.7556959
304,99,5,4.1,1,8.11,0,0.54501003
276,120,3,4.1,1.2,8.2,1,0.74366033
285,82,1,2.3,4.5,8.79,1,0.63657725
321,86,4,4.6,1.2,8.39,1,0.69465244
305,82,1,2.7,2.2,7.99,0,0.45167607
323,83,3,4.9,1.1,8.35,1,0.6699182
261,113,1,4.6,4.5,8.14,0,0.6578603
313,85,2,1.5,3.4,6.24,1,0.71960235
324,100,1,4.8,3.3,9.78,1,0.84650373
310,83,5,1.7,3.5,7.65,1,0.6790214
312,91,4,3.7,3.1,8.14,0,0.5834958
295,100,1,4.7,3.2,8.67,1,0.7184445
285,113,1,2.8,4,7.37,1,0.6188648
288,86,5,3.6,1.7,6.25,1,0.6728403
280,119,3,3.9,3,9,1,0.82537866
270,119,3,1.7,1.6,7.89,1,0.6899156
299,100,2,3.6,3.6,7.08,0,0.56582487
270,104,5,2.7,2.1,8.19,1,0.71222085
295,85,3,3.4,3,8.75,1,0.65484256
318,106,3,3.1,1.4,8.27,1,0.6438652
298,114,5,2.4,3.7,9.54,0,0.8628369
313,80,5,1.6,2.1,8.85,1,0.7642824
314,96,5,1.2,1.1,9.48,1,0.78474146
283,84,2,3,1.5,9.77,1,0.67988545
281,111,1,2.4,2.7,6.92,1,0.53425276
328,97,4,1.1,2.6,8.02,0,0.63614386
315,120,1,2.1,2.6,8.28,0,0.79493475
292,114,5,1.8,1.3,6.32,1,0.63669413
295,115,4,3.7,2.1,7.74,1,0.67554855
279,89,5,4,4.4,9.38,1,0.76984984
340,81,3,3.5,3.7,7.23,1,0.74134165
321,97,3,2.2,4.5,6.69,1,0.6405484
332,114,5,4.2,4.8,7.8,0,0.8022917
285,101,1,2.8,2.3,8.19,1,0.61010134
325,84,3,2.9,3.2,8.77,0,0.5888558
332,103,4,2.6,3.6,9.91,1,0.9096926
332,111,4,1.5,3.2,7.09,0,0.84057873
299,113,5,4.2,3.4,8.3,0,0.6783192
276,116,5,4,1,7.72,0,0.65952694
260,90,1,3.4,3.1,9.64,0,0.6730866
320,89,3,2.8,1.1,8.65,1,0.687293
302,102,2,1.8,1.5,8.31,1,0.6337137
301,117,3,1.9,3.3,9.77,1,0.91595596
284,89,3,4.3,3.1,6.18,0,0.5358584
298,86,3,2.5,1,7.95,1,0.6756396
294,92,5,1.5,3.5,8.93,1,0.70582885
262,102,5,4.2,4.9,6.84,0,0.63984305
303,90,3,4,3.6,7.56,1,0.6668738
310,114,5,2.7,2,9.61,1,0.89939356
271,87,1,2.2,2.3,8.06,1,0.6178647
278,102,4,4.8,4.8,9.67,0,0.78735626
303,115,4,2.9,4.5,8.83,1,0.80313694
318,86,4,3.3,2.6,8.49,0,0.5473373
308,89,1,4.2,2.6,8.79,1,0.69273293
320,91,3,1.9,3.5,7.46,0,0.5436911
276,110,2,1.1,1.4,7.03,1,0.5374739
333,90,5,5,2.1,9.45,0,0.64470404
316,116,2,2.4,2.5,7.59,1,0.606685
314,105,3,3.1,2.2,9.82,1,0.86625737
306,84,1,2,3.4,6.57,1,0.6819316
271,86,3,2.3,1.3,6.57,0,0.39340383
321,115,3,2.3,4.3,7.75,1,0.6717816
339,86,5,2.4,2.7,6.8,1,0.66498536
267,118,1,3.5,4.8,6.37,1,0.67084426
280,115,4,4.4,2.4,8.82,1,0.8269663
340,85,4,4.4,2.6,7.98,0,0.57978785
339,100,2,1.2,1.8,7.7,0,0.6370048
329,80,5,1.6,3.4,7.65,0,0.5703173
331,81,1,3.3,1.2,9.47,1,0.6614633
284,82,1,4.5,4.7,8.76,1,0.70724404
271,118,4,3.1,3.7,8.01,1,0.7428364
274,113,4,1.8,4.1,6.56,0,0.5393096
318,93,1,1.7,1,8.75,1,0.6479104
285,104,5,3.9,3.7,8.27,1,0.74114937
285,116,2,4.8,3.7,9.56,1,0.8502403
306,116,1,1.5,4.2,9.98,0,0.96583045
291,95,1,3.4,2,8.11,0,0.51735383
269,94,4,4.4,1.9,8.92,0,0.65509003
275,103,1,3.1,2.9,9.07,1,0.7007538
330,120,1,4.8,2.5,8.63,1,0.7350354
276,87,5,3.3,1.1,9.86,0,0.6768948
282,81,1,2,2.9,9.02,0,0.49144655
285,105,1,1.1,2,6.88,0,0.54233634
266,97,5,1.8,1.8,6.81,0,0.42195508
273,97,4,2.2,3.3,7.56,1,0.61263794
338,98,5,4.9,4.2,7.77,0,0.72740155
266,116,5,3.6,4.3,8.09,0,0.7195979
268,112,2,5,1.2,6.02,0,0.59409636
307,111,4,2.7,4.9,6.12,0,0.7914334
331,104,4,4.4,1.7,7.45,0,0.694839
318,106,1,2.2,3.9,9.71,1,0.8650493
298,100,2,4.3,3,9.89,1,0.8109025
277,102,5,4.9,4.3,9.91,0,0.82440627
318,90,2,4.7,2.5,9.89,1,0.77583116
276,100,3,3,4.7,6.75,1,0.6252417
273,110,3,1.8,4.7,6.36,0,0.5264606
290,114,5,3.4,2.7,9.88,1,0.9299894
283,114,3,4.2,4.4,9.73,0,0.88419783
319,95,5,1.1,3.3,6.06,0,0.6366249
304,110,5,4.2,3.3,6.28,0,0.73726827
262,92,5,2.4,2.7,9.72,0,0.7178933
296,98,4,2.3,2.4,7.26,1,0.58484894
302,89,4,5,4.5,9.91,0,0.7339969
299,117,5,1.7,1.8,8.62,0,0.6474025
314,84,4,1.4,3.3,8.04,1,0.6922403
298,83,4,3.1,1.8,6.2,1,0.68726146
274,119,4,2.9,2.9,8.24,1,0.76478875
263,91,2,1.3,4.1,6.26,1,0.604645
284,120,3,1.2,4.8,6.05,1,0.7398088
272,105,1,3.9,3.2,8.8,1,0.69030166
292,94,2,3.2,4.2,7.93,1,0.6454737
275,111,2,1.9,2.9,6.13,1,0.49869087
301,108,5,4.6,3.2,8,0,0.6556953
325,109,1,4.6,1.4,9.81,0,0.83362097
314,108,5,4.7,4.4,9.83,0,0.8914681
301,106,2,5,2.3,9.11,0,0.726959
293,94,5,4.4,4.3,7.86,0,0.65552545
289,115,5,1.9,1.3,6.5,0,0.7728077
272,107,4,1,1.9,7.64,0,0.50889117
272,95,2,2.1,3.4,8.14,1,0.5836137
277,89,2,2.8,4.5,6.27,0,0.5505575
291,113,4,3,2.1,8.89,0,0.7690078
298,91,4,4.3,2.8,9.39,1,0.7454575
305,104,2,1.6,3.5,7.86,1,0.5975903
288,87,5,1.1,3.8,8.18,0,0.5242077
321,111,2,2.4,3.9,8.97,0,0.79264146
321,103,4,1.3,2.7,7.33,1,0.6541131
316,84,1,2.1,1,6.74,0,0.3449654
275,98,4,3.1,4.8,7.61,1,0.6496891
315,90,3,3.2,3.8,8.47,0,0.6379241
269,96,3,3.4,2.4,6.69,0,0.47992343
289,107,2,3.6,1.9,8.64,1,0.7103161
284,103,3,2.4,2.3,7.01,1,0.55342597
264,117,3,2.8,3,9.62,1,0.85428506
324,91,1,4.7,3.7,6.13,1,0.6439636
308,110,5,2.8,3,6.17,0,0.79718983
262,86,5,3.8,1.5,8.59,1,0.73966837
304,82,5,4.3,1.4,6.47,1,0.6875942
273,91,2,1.3,4.4,6.37,0,0.48167896
289,105,1,2.7,3.4,7.63,0,0.5314454
327,119,2,3.6,2.3,7.25,1,0.63447833
277,82,1,4.4,4.6,9.98,0,0.63362885
321,117,5,1.6,2.6,6.71,1,0.8425583
296,108,1,4.4,4,6.73,1,0.67546266
284,119,3,4.8,3.5,9.77,1,0.9100582
307,100,5,1.1,1.6,6.78,0,0.50208956
324,108,4,2.8,1.4,8.97,1,0.7934664
312,108,1,4.6,4.5,7.38,1,0.72162974
338,105,3,3.3,2.5,9.55,1,0.8662486
332,95,4,3.7,2.4,8.42,0,0.58509463
274,90,4,1.8,3.3,7.11,1,0.6211313
308,117,5,4.8,4.3,7.99,1,0.79053104
327,105,3,2.5,1.4,7.07,1,0.52954245
271,109,4,3.2,1,9.96,1,0.8773316
318,118,4,2.9,4.7,6.74,0,0.88086116
296,102,4,2.7,1.2,9.62,1,0.8094754
320,88,5,4.2,1.9,8.43,1,0.7180589
302,107,1,3.7,3.3,7.61,1,0.63175434
329,101,5,2.8,4.5,9.76,0,0.77050287
298,107,5,2.7,1.6,6.04,1,0.5530122
315,91,2,4.3,1,7.49,1,0.5452545
322,98,1,4.2,1.4,7.74,1,0.56388193
305,98,2,4.1,3.1,8.63,0,0.6283721
270,99,1,1.5,2.1,7.47,1,0.57010984
321,117,5,2.5,2.9,6.76,0,0.88290894
336,99,4,3.6,3.4,6.25,0,0.7775753
284,81,2,4.3,1.7,8.84,0,0.49216872
330,102,4,1.7,4.6,7.79,0,0.68915176
311,97,5,4.7,4.4,7.43,0,0.69993573
263,100,1,3.3,1.2,8.7,0,0.6616091
318,110,1,3.9,4.1,6.62,0,0.69050306
331,84,3,4,1.7,6.5,1,0.5732482
279,87,1,4.5,3.9,8.9,0,0.5826481
322,94,1,4.2,2.5,7.14,1,0.5778933
313,116,5,2.1,2.5,9.54,0,0.7766567
333,93,1,1.4,4.9,8.52,1,0.75639206
316,107,5,3.3,1.9,9.66,0,0.7505694
300,89,3,1.6,2.2,9.99,0,0.63822633
262,85,3,4.7,1.4,7.85,1,0.65624005
265,99,1,1.8,1.2,7.73,0,0.53886443
264,83,2,2.9,3.3,9.89,1,0.68606406
264,82,2,2.9,4.9,6.23,1,0.61188275
313,110,4,2.5,1,7.47,1,0.5426058
306,99,4,1.7,3.3,8.32,0,0.5576959
308,104,3,2.6,1.4,8.34,0,0.6153073
268,104,5,1.5,1.4,7.96,0,0.5254476
279,91,4,1.7,2.9,9.43,0,0.6354446
320,99,4,2.8,3.1,7.66,1,0.61153257
294,120,4,3.6,4.7,7.11,1,0.6822264
309,107,3,3.6,1.9,9.68,0,0.8187259
321,110,5,2.3,2,9.17,1,0.84185445
276,88,5,3.9,4.8,9.7,1,0.7939698
262,88,3,4.4,3.8,7.78,1,0.6326696
291,118,2,3.2,4.6,9.51,0,0.89237255
272,88,4,4.3,1.4,8.98,1,0.71562105
332,112,3,4,4.1,9.88,0,0.9207233
327,115,2,1.3,2.6,6.46,0,0.8329617
273,117,2,4.5,4.2,8.78,0,0.7652479
270,101,2,3.6,2.5,8.38,1,0.65942687
315,80,2,1.1,1.4,6.4,1,0.73616576
326,93,4,4,3.4,9.96,0,0.7573809
288,96,2,2.4,3.8,6.09,1,0.5907217
268,103,3,4.2,5,8.93,0,0.70208216
326,88,5,2.4,3.7,6.31,0,0.58911306
284,89,5,2,4.6,9.56,0,0.664273
335,97,2,4.5,1,6.85,1,0.46101707
301,88,2,4.6,3.7,6.49,0,0.6032809
268,92,1,4.7,2.3,9.79,0,0.70184106
338,113,2,3.2,1.7,7.66,0,0.7498526
299,83,3,3.9,3,6.06,0,0.5448187
284,110,5,2.3,1.8,6.71,0,0.67309266
264,110,1,1.2,2.4,9.02,0,0.80757654
270,106,2,4.6,1.3,9.37,1,0.7857409
318,120,5,2,1.9,7.34,1,0.7671328
338,104,4,2.6,1.3,8.58,1,0.69696236
297,103,2,2.4,1.5,9.62,0,0.7823473
331,91,5,2.8,2.4,8.54,0,0.5316723
264,100,5,4.6,2,9.85,0,0.84396136
307,96,4,1.3,4.9,8.25,1,0.6670111
277,81,5,3,1,6.06,1,0.6970101
329,107,3,4.3,3.8,8.47,0,0.71349
296,93,3,2.8,1.4,9.39,0,0.6479332
319,88,4,4.7,2.8,9.02,0,0.62265337
307,83,5,1.7,3.6,6.11,0,0.5010012
336,84,4,3.2,3.4,7.56,0,0.566016
287,92,5,2.9,1.3,6.78,0,0.39017373
328,100,3,2.2,1.1,7.55,0,0.5917787
336,93,1,1.2,1.4,8.35,0,0.5628307
340,97,3,3.6,1.4,7.33,1,0.49033853
299,88,5,1.1,4.1,9.81,0,0.641756
304,105,3,2.2,3.4,9.88,1,0.86613494
321,106,5,1.3,4.2,9.27,0,0.6943229
317,120,4,4.3,4.5,9.23,0,0.8575453
326,100,2,3.4,3.9,7.14,0,0.6242276
315,109,1,2.1,4.7,6.58,1,0.633856
299,89,5,1.1,1.3,6.45,1,0.7396272
299,111,4,4.6,3.5,8.82,0,0.73390895
336,85,1,1.4,1.2,8.26,1,0.68944114
292,105,3,3.7,2,8.48,1,0.71072024
265,103,4,1.8,4.3,6.71,1,0.5612029
278,120,1,2.1,3.3,9.94,1,0.9238789
339,93,5,2.4,3.7,6.18,0,0.67756736
299,105,1,1.5,4.1,7.56,0,0.58391273
318,115,2,4,1.5,6.9,0,0.73324203
318,86,4,2.1,3.2,8.48,0,0.54526013
307,116,2,2.4,3,9.02,1,0.8164457
300,115,1,2.7,1.4,6.23,0,0.66962
272,81,5,4,1.7,8.06,0,0.5696411
304,108,4,3.6,4.6,8.45,1,0.7365041
312,99,2,2.3,3.2,7.6,1,0.5877622
301,119,5,4.9,4.8,6.78,1,0.7369674
322,88,5,5,1.8,6.56,0,0.51744974
286,110,5,4.1,2.5,7.44,0,0.61677885
297,100,4,4,3.6,6.54,0,0.58283
319,114,5,4.4,2.5,7.97,0,0.70867074
266,108,2,4,3.4,9.18,1,0.7356966
264,97,5,4.6,3.4,6.33,0,0.57664615
304,109,5,1.6,2.9,9.73,0,0.75658983
317,92,5,5,3.9,7.06,1,0.7216171
290,90,2,4.5,1.5,8.82,0,0.5729034
282,104,5,3.3,2.8,9.18,1,0.78147405
301,105,1,4.6,4.8,7.99,0,0.6691432
269,99,4,1.4,3.8,6.85,0,0.48097813
291,104,4,3.7,3.4,7.03,1,0.6504043
312,89,3,2,3.2,9.94,1,0.73295695
289,92,5,4.3,3.5,8.91,1,0.7402602
298,111,3,3.8,1.5,9.1,1,0.8034683
290,114,2,3.3,1.6,8.49,0,0.72361517
261,104,1,3.3,2,7.89,0,0.5848247
337,103,1,1.8,2.7,8.71,1,0.73322767
336,108,1,1.1,4.9,8.89,0,0.7895749
271,114,5,4.8,3.8,7.86,1,0.7904077
298,100,4,4.6,3.2,6.09,0,0.5740656
325,91,4,1.3,3,7.59,0,0.60585845
272,86,2,3.7,3.5,9.6,0,0.62296915
305,86,2,5,1.1,6.61,1,0.5608697
286,100,3,1.7,4.1,7.75,1,0.59168994
276,96,5,1.8,1.8,9.28,1,0.7192741
319,83,4,4,3.5,7.4,0,0.5808579
323,112,1,4.1,1.2,7.47,1,0.52919275
294,87,4,2.5,2.9,8.18,1,0.6465297
329,97,5,2.9,2.2,7.34,0,0.59404886
289,95,1,4,3.7,6.25,0,0.5524884
330,110,3,5,3.8,6.68,1,0.6411223
333,120,1,2.6,3.3,6.19,0,0.8971347
322,96,4,1.5,4.8,7.51,1,0.6851192
287,108,5,4.7,1.3,9.73,0,0.8453929
319,120,2,3.1,3.4,7.63,1,0.630406
338,96,5,3.1,2.9,8.04,0,0.60652256
296,105,3,4.1,4.7,9.56,1,0.801767
281,89,1,4.8,3,8.65,0,0.5602682
327,94,2,4.1,2.7,7.42,1,0.59794724
279,110,2,1.1,3.2,9.88,1,0.87808925
327,119,1,1.9,3.9,9.94,1,0.96090037
323,87,5,1.2,1.2,8.44,0,0.4561388
276,119,1,3.3,2.5,9.46,1,0.8456838
271,81,5,1.2,4.9,9.1,1,0.7101297
281,94,2,4.7,4.2,8.25,1,0.69194996
276,103,5,3.3,4.1,8.94,1,0.756268
269,107,1,4.2,3.1,6,0,0.57164574
324,85,4,3.7,4.8,7.11,1,0.710156
281,119,3,4.9,4.1,8.22,1,0.79301333
309,82,5,2.5,3.4,6.22,0,0.5182711
273,95,5,2.8,2.7,8.34,1,0.68420416
323,81,3,3.3,3.3,7.39,1,0.69247866
306,89,5,1.7,1.7,8.61,1,0.7500409
288,82,3,2.4,3.4,7.01,1,0.6633983
335,90,5,4.2,2.5,7.92,1,0.6724461
295,104,5,2.4,3.7,6.54,1,0.5660216
311,81,4,1.3,1.9,9.93,1,0.74997926
335,88,3,4.9,1.2,7.1,0,0.5393149
266,98,2,2,4.4,9.99,1,0.7822716
288,109,2,3.7,4.4,8.53,0,0.67545503
270,80,1,1.3,4.1,8.34,1,0.6183163
292,102,3,1.6,2.6,6.4,0,0.56954134
265,119,5,3.6,3.8,8.6,0,0.7918968
338,80,2,4.5,4.9,8.69,1,0.766456
291,90,1,4.9,2.3,8.35,0,0.5563722
310,95,4,3.6,1.6,6.8,0,0.5168275
334,108,1,4.2,4.3,6.77,0,0.73631436
317,118,5,4.2,1.5,9.52,0,0.83783925
285,86,1,1.3,2.8,7.67,0,0.42105305
305,117,2,4.7,1.4,6.27,1,0.510587
288,83,5,2.6,4.7,8.09,0,0.57214695
263,115,4,2.6,2.1,8.23,0,0.7219729
340,89,2,3.4,1.5,8.73,1,0.6541618
272,103,4,3.5,3.8,6.96,1,0.64745337
298,109,5,4,4.6,7.3,0,0.67942446
274,89,4,4.3,1.7,7.03,0,0.5152359
288,120,1,3.5,1.7,7.11,1,0.55154634
288,86,1,4.3,2.5,9.78,1,0.71990246
334,112,1,3,4.6,9.02,1,0.84789103
291,99,4,1.6,3.1,8.63,0,0.6150537
261,85,5,2.6,4.2,7.82,1,0.6739745
306,101,1,2.7,3.4,9.2,0,0.744781
337,95,5,2.6,2.8,8.93,0,0.5874078
281,95,2,2.7,3.3,7.29,0,0.46937767
334,113,2,1.8,2.5,7.26,0,0.7900301
286,102,5,3.9,1.1,8.62,0,0.64810157
326,82,2,1.4,3.5,6,0,0.54188114
340,101,3,2.6,4.2,6.24,1,0.75415057
315,107,3,2.9,4.6,6.99,0,0.67971134
280,98,3,4.2,3.1,6.64,0,0.5306962
306,117,5,4.7,3.7,6.34,0,0.82152593
339,119,2,1.1,2.4,9.47,1,0.9063708
318,100,4,2.9,2.6,6.68,0,0.6527604
265,112,5,1.6,1.1,9.08,1,0.7959911
278,82,2,1.6,4.6,8.15,0,0.50003237
316,112,2,3.2,1.8,9.39,1,0.85373616
328,87,5,2.7,2.1,6.37,1,0.6673697
262,118,4,2.6,3.1,6.59,1,0.60741925
260,90,1,4.7,2.3,6.87,1,0.58311844
317,107,3,4,3.2,8.66,0,0.70942
297,107,4,4.5,1.3,8.55,0,0.68935186
274,108,5,3.9,1.6,6.78,1,0.6158196
293,99,1,2.6,1.4,8.41,1,0.61691374
320,110,1,3,1.4,6.81,1,0.53921455
294,96,3,2.4,1.4,6.67,1,0.570194
323,93,3,2.2,3.1,7.02,0,0.56584525
284,115,2,3.7,3.3,6.76,0,0.5927702
283,112,2,3.9,2.9,7.07,0,0.5846191
271,100,2,4.6,1.9,6.13,1,0.5191472
277,116,3,4.3,3.5,7.3,0,0.65943015
274,113,3,1.7,4.5,9.94,0,0.95062155
339,97,4,4.5,3.4,8.91,0,0.7185502
286,88,2,2.2,2,7.08,1,0.6253886
331,97,1,3.1,2.1,7.26,0,0.5450832
319,84,4,2.3,5,9.46,0,0.6943814
305,91,5,3,3,7.07,0,0.47512606
276,81,2,3,3.5,8.85,0,0.5241269
312,81,1,1.2,3.8,7.51,0,0.52527225
267,100,4,1.1,1.5,8.6,1,0.6871543
338,95,1,3.8,1.3,8.74,1,0.664848
286,115,2,1.1,1.1,7.02,1,0.5621648
305,114,1,4.7,4.8,8.7,1,0.7811513
309,99,2,3.4,1.1,9.4,0,0.7175536
330,113,1,4.9,2.3,9.7,1,0.897959
262,113,5,2.9,3.2,9.27,0,0.8806854
323,99,4,4.2,3,9.03,0,0.717391
303,91,2,3.8,1.3,6.32,1,0.55441964
312,102,4,4.2,4.4,7.57,1,0.7109755
283,112,2,4.1,4.9,8.07,0,0.6510609
319,86,1,1.4,1.5,8.53,0,0.54064524
262,83,5,4.3,1.8,7.06,0,0.5334928
279,94,1,3,3.2,9.87,0,0.7286578
305,90,5,1.7,2.8,6.65,0,0.48231417
274,84,1,1.3,3.3,7.93,1,0.6229648
284,93,4,3.6,1,7.3,1,0.656287
337,119,2,2.4,4.4,8.02,0,0.89704585
330,88,2,4.5,2,7.65,0,0.56097436
276,111,5,1,4.8,7.64,1,0.600641
268,100,4,4.6,3.7,9.42,0,0.76111573
297,104,3,2.4,4.9,9.81,0,0.84570676
307,97,3,3.3,4.6,8.29,1,0.6801057
319,90,3,4.6,3.2,7.28,0,0.6241439
322,116,3,2.9,2.4,8.89,0,0.7900903
261,110,1,4.4,1.3,8.14,1,0.68650514
331,110,5,1.1,1.6,9.21,0,0.64287233
270,120,2,3.2,2.7,8.05,1,0.6936341
323,119,5,1.4,2.8,8.56,1,0.8569765
336,97,3,1.3,4.5,7.65,1,0.7243582
340,101,3,2,4.5,7.58,0,0.7476683
331,96,4,3.8,4.4,8.85,0,0.7490189
280,102,5,4.3,4.1,9.23,0,0.7394339
277,117,4,2.2,2.9,9.28,1,0.8523806
323,107,4,2.2,2.5,8.06,0,0.6935377
297,86,2,3.9,3.1,7.59,1,0.651169
291,113,4,3.9,1.5,9.43,0,0.83422536
270,81,3,3.7,2.2,7.66,0,0.47315174
304,81,3,3.9,4.1,7.86,1,0.6845716
292,101,1,3.6,2.5,9.48,1,0.7593815
300,80,3,1.5,1.1,9.93,0,0.5100891
267,113,5,3,2,7.61,0,0.64605415
270,116,5,1.1,4.8,7.8,0,0.6461199
310,90,3,1,2.9,7.98,1,0.67476946
300,106,5,4.6,1.7,7.15,0,0.5820112
276,93,3,4.1,4.4,9.89,0,0.72152406
335,87,2,1.4,3.7,9.37,1,0.7516888
305,96,5,4,1.2,6.87,1,0.6056725
291,92,1,1,3,6.13,0,0.43324733
338,119,1,3.2,2.6,9.87,1,0.9640921
339,86,2,4.7,3.4,8.67,1,0.758977
313,94,1,3.9,4.1,9.79,0,0.75359046
279,120,4,3,4.6,6.23,1,0.62865585
292,94,3,2.8,4.7,6.21,0,0.5891069
333,115,4,4.4,4,9.46,1,0.91042465
299,93,4,3,4.2,6.74,0,0.57586503
291,109,4,3.3,1.3,7.53,1,0.6104651
261,115,2,4.3,4.9,9.2,1,0.7656834
292,93,3,2.7,4.9,9.75,0,0.7090132
336,83,3,2,4.6,7.61,1,0.76839805
289,88,2,4.6,1.4,7.78,1,0.60863286
292,112,1,2.5,2.9,9.4,0,0.8440948
336,87,2,1.1,4.3,9.71,0,0.7064917
285,94,1,3.4,4.9,8.26,1,0.67020583
281,117,4,4.6,2.3,6.58,1,0.59522873
325,108,2,1.1,3.3,8.33,1,0.71916133
297,80,2,2.6,2.3,8.62,0,0.46248832
305,117,3,3.5,4.4,6.12,0,0.8200716
274,106,5,3.9,2.9,8.02,1,0.74052286
303,93,5,1.4,3.4,7.93,1,0.6670994
308,87,1,4.1,4.4,7.43,1,0.692106
334,86,2,4,4.7,9.72,0,0.75742227
320,103,4,2.6,4.4,9.02,1,0.79998267
326,95,2,1.8,3.7,7.33,0,0.60723597
265,80,2,2.4,2.1,7.78,0,0.4324808
268,91,3,4.2,2.9,9.02,0,0.6236097
265,120,4,3.7,3.8,6.48,1,0.6645968
332,89,4,3.1,2.3,9.67,1,0.76447046
291,114,5,3.4,1.7,8.85,1,0.8247183
300,113,4,1.8,2.8,9.72,0,0.8637131
335,88,5,4.6,2,7.61,1,0.6591142
267,101,4,2.7,3.3,7.19,1,0.6180549
331,116,2,1.5,1.6,7.17,0,0.75638026
309,91,1,1.6,3.7,7.51,1,0.63689727
321,115,4,3.2,4.7,6.57,1,0.7327144
321,111,5,4.1,2,8.28,0,0.670526
266,96,1,1.9,2.2,9.97,1,0.748033
334,81,4,2.3,1.1,8.94,0,0.45664668
339,110,1,1.2,1.2,6.93,1,0.6495694
263,99,1,4.9,2.8,9,1,0.71276057
265,117,3,2.6,4.2,6.3,0,0.5946318
317,84,4,1.8,2.4,6.44,0,0.5210107
281,87,3,2.3,1.6,6.97,0,0.37722883
285,95,5,4.6,4,8.48,1,0.73768854
262,111,3,1.6,4.9,6.68,0,0.5511737
300,82,3,2.7,5,6.15,0,0.61670625
319,88,2,3.2,2.4,9.26,0,0.6179894
273,115,4,3.1,1.5,8.89,0,0.79567194
334,112,2,2.8,1.4,8.22,1,0.6386299
271,85,5,2.2,3.8,6.82,1,0.6643243
271,111,1,2.8,3.3,6.07,0,0.54061896
272,97,5,2,2,7.93,1,0.6832818
284,83,3,1.8,2.5,8.93,0,0.5066134
304,107,4,1.6,1.1,6.27,0,0.64846486
278,114,2,3.7,4.5,7.73,1,0.677557
314,113,3,3.2,1.9,7.71,1,0.58059543
304,113,1,4.9,4.4,8.61,0,0.6938611
267,116,1,1.7,3,7.77,0,0.6625336
312,112,1,2.6,2.9,9.8,1,0.8858167
314,95,5,4.6,2.5,7.96,0,0.5744728
291,117,1,4.7,1.9,8.4,0,0.7315046
310,116,4,4.5,2.6,9.72,0,0.88670844
303,96,5,5,4.7,6.62,1,0.73798305
329,102,3,3.3,3.1,6.78,1,0.5315353
277,90,3,2.6,2.2,9,0,0.60118103
281,113,3,3.7,3.5,8.76,0,0.7564578
296,104,1,1.6,4.7,8.82,1,0.71288496
315,98,2,4.4,3.3,8.83,1,0.73320484
318,87,5,2.2,3.7,9.51,0,0.64588153
262,83,5,3.3,3,9.48,1,0.74460256
287,85,4,2.7,1.8,9.75,0,0.61898243
333,103,3,3.6,4.1,6.49,1,0.6044136
294,99,1,3.6,3.7,6.22,0,0.5536877
320,82,1,3.6,3.1,7.2,0,0.5530006
313,120,1,3.3,1.6,8.03,0,0.72862273
322,102,1,3.9,4.2,7.23,0,0.6491545
338,98,1,1.4,3.5,8.55,0,0.7189386
266,80,3,2.8,4.7,7.73,1,0.63494825
335,82,3,3.8,1.6,8.43,0,0.49795952
308,102,5,3.3,1.5,6.09,1,0.5163332
290,80,4,4.6,4.2,6.04,1,0.68293357
317,84,1,4.2,1,8.22,1,0.59871775
320,107,2,4.7,3,6.87,0,0.65335435
283,84,5,2.5,2.8,8.73,1,0.7051787
279,98,4,1,3.2,9.41,0,0.6762676
296,92,5,2.9,1.4,7.02,0,0.38935366
263,109,3,3.4,2.2,7.9,1,0.69390625
279,87,5,3.9,2,7.22,1,0.6896358
319,96,3,1.8,1.5,8.69,0,0.5641623
283,104,1,4.7,2.4,9.55,1,0.768213
309,91,3,2,1.1,9.64,1,0.71123785
308,108,3,4.6,3,8.75,0,0.7133376
310,80,2,3.8,1.8,9.59,0,0.54966205
295,81,2,1,3.1,8.16,0,0.46378216
325,113,5,4.9,1.2,7.35,0,0.80702025
338,112,1,4.7,3.2,6.37,1,0.621391
293,80,1,4.5,3.8,6.45,1,0.6296642
295,89,3,2.3,4.9,7.22,1,0.6272849
265,97,5,3.2,3.5,6.48,0,0.5211474
298,101,5,1.8,2,6.47,0,0.54833335
301,110,1,3.7,4.3,9.12,0,0.7811523
317,81,5,2.9,4.6,7.63,1,0.7387283
271,102,4,4.8,2.9,6.44,0,0.57755166
262,82,4,4.2,4.8,8.28,0,0.6063502
277,103,5,3.8,2.4,9.26,0,0.7823599
299,104,2,1.8,2,9.09,1,0.7472237
280,120,5,2.3,2.4,9.52,0,0.8829958
274,92,4,4.2,1.3,6.09,1,0.6246675
285,89,5,2.3,4.2,6.66,0,0.50475025
267,85,2,4.9,2.1,6.6,0,0.45800918
301,84,5,2.6,3.8,9.04,0,0.60503364
303,118,3,3.6,2.5,9.75,1,0.91821575
273,95,5,3.9,4.4,7.79,0,0.6236416
337,100,2,3.6,1.4,9.38,0,0.7273894
261,119,4,4.8,2.9,6.62,1,0.67508054
296,84,5,2.3,3.1,9.46,1,0.73942876
328,112,4,1.7,4.7,8,0,0.7888992
297,82,4,4,4.5,6.55,0,0.6244716
300,94,4,4.5,1.6,9.39,0,0.68262005
321,89,5,1.8,4.6,8.39,0,0.60642385
319,80,4,4.9,3.8,7.82,0,0.6485012
273,89,4,3,4.9,7.92,1,0.65153253
261,95,1,4,2.8,7.55,0,0.49951032
329,110,2,3,3.3,7.78,1,0.6013993
276,107,1,4,4.1,6.19,0,0.5895149
287,116,5,3.8,4.3,9.44,1,0.87507623
325,106,2,4.7,1.2,6.06,1,0.48675796
294,90,5,1.6,3.5,7.47,0,0.46959972
264,100,2,4.2,2.5,9.78,1,0.76284087
324,116,5,2,5,9.49,1,0.9244598
299,117,3,2,3.6,7.54,0,0.66817373
335,113,1,2,3.8,6.88,1,0.7760457
315,101,3,2.4,3.3,6.43,0,0.67244005
295,89,1,4.6,3.2,6.36,1,0.6208681
304,83,5,4.8,4.9,9.82,0,0.75187176
282,84,1,3,2.3,6.56,1,0.5884947
306,102,5,3.5,4.3,9.87,1,0.86000305
290,95,5,3.8,4.6,6.52,1,0.6611732
270,98,5,1.8,1.3,9.46,1,0.72690666
269,94,5,4.9,2,7.37,1,0.68480474
326,104,5,1.5,2,9.35,0,0.5720639
273,91,5,1.2,1.4,8.92,1,0.74930686
339,112,3,1.3,2.9,8.93,0,0.82023
333,87,5,1.8,2.3,7.33,0,0.6095935
269,82,1,4.2,3.5,9.18,1,0.7057103
335,118,5,2.6,1.8,9.85,1,0.9674777
260,117,5,1.7,3.4,9.06,1,0.8374106
264,84,5,3.5,2.7,9.9,1,0.7681407
279,118,1,3.9,3,9.07,0,0.81994367
267,111,4,4.4,1.4,7.1,0,0.6398627
302,102,1,1.6,4.8,7.48,1,0.60406584
335,98,5,2.7,4.9,6.95,0,0.70364255
260,106,2,2.4,2.5,8.14,0,0.64984035
316,100,2,3.2,4.7,6.72,0,0.6454155
323,113,5,1.7,3.4,9.18,0,0.7157283
287,81,2,2.3,4.9,6.57,0,0.56284297
296,88,3,4.2,3.6,9.09,1,0.6935145
306,110,2,1.6,2.6,8.72,1,0.7448504
335,111,5,1.4,1.7,9.89,0,0.68340033
296,89,4,3.7,3.2,9.64,1,0.7408873
308,115,2,3.1,2.6,6.11,0,0.7861412
303,104,2,4,4.1,6.4,0,0.6106895
315,80,4,4.4,1.6,8.42,0,0.51218003
287,101,2,4.2,1.2,7.79,0,0.57189655
338,84,2,1.2,3.9,6.8,0,0.61147016
265,112,5,3.4,1.7,9.42,0,0.8573449
320,96,4,3.7,2.3,9.01,0,0.6613381
279,101,3,3.6,3,8.8,1,0.70336264
337,98,2,4.3,1.3,9.14,0,0.68884397
261,114,3,3.6,3.8,7.79,0,0.6669326
332,114,2,1,2,6.77,0,0.80119497
296,98,1,4.9,2.8,8.86,0,0.61794376
279,106,4,2,1.5,6.9,1,0.56728905
285,90,3,2,4,6.11,0,0.5045913
288,107,4,3.9,3.2,8.24,1,0.7374545
260,89,1,1.2,1.9,8.75,1,0.65994126
294,114,1,4.1,1,8.38,1,0.6862328
329,97,5,1.5,2.8,7.95,0,0.6481109
318,84,5,3.7,1.8,7.6,1,0.67148614
328,85,3,3.7,3.6,7.95,1,0.70660883
292,101,4,4.2,4.1,8.97,0,0.6975901
310,109,1,2.6,3,7.4,1,0.5584913
337,97,2,1.3,1.5,9.23,0,0.64238214
271,80,2,4,4.9,9.8,0,0.64294815
279,83,4,2.2,2.2,6.48,0,0.4032169
312,103,4,4.9,4.8,8.58,1,0.7569843
302,96,2,2.1,2.4,7.23,0,0.4587251
309,100,3,2,1.5,6.87,0,0.56713146
288,87,3,2.8,4.4,6.37,0,0.56320024
316,97,1,2,2.7,6.86,1,0.5142219
298,112,1,4.9,3.3,6.77,0,0.66465855
315,109,3,1.7,1.4,8.17,1,0.64520276
302,88,1,2.7,3.4,6.47,1,0.6170973
309,90,4,2.2,4.9,8.15,1,0.66643566
282,83,3,2.9,1.9,8.97,0,0.53528154
303,81,1,3.2,3.1,6.79,0,0.48380208
297,106,1,1.2,4.1,7.48,1,0.5728087
282,97,4,1.9,3.6,6.84,0,0.48102647
304,116,3,3,3.4,8.04,0,0.64380395
311,113,4,2.1,4.4,7.44,1,0.62376016
339,90,5,1.6,3.4,7.08,0,0.68944585
309,81,5,2.3,4.2,9.59,1,0.74832493
267,110,3,3.5,2.1,7.23,0,0.5940678
260,104,2,1.7,2.4,9.62,1,0.7689754
267,98,1,2.4,4.2,9.91,1,0.7806215
288,111,2,3,2.2,9.45,1,0.8129214
264,115,2,4.2,4.3,9.89,0,0.91961646
306,86,5,2.6,3.8,9.46,0,0.6415701
293,93,1,3.7,1.7,9.14,1,0.68880504
324,80,3,2.9,2.2,8.08,1,0.6995938
314,112,3,3.7,4.6,8.19,0,0.7182164
302,113,3,1.7,3.2,8.65,1,0.76051825
333,95,5,3.6,3.2,9.13,0,0.6471282
289,110,4,1.5,3.8,6.3,0,0.6575035
276,81,2,1.7,2.5,9.64,0,0.5685568
285,91,1,3.3,4.1,7.82,0,0.5398317
267,98,2,3.2,3.3,7.81,1,0.60253507
306,94,4,3.9,4.7,6.3,0,0.6621654
335,95,5,4.3,2.1,9.81,0,0.7235253
331,95,2,2.5,1.1,6.08,1,0.5172551
305,107,4,3.3,2.3,9.43,1,0.8350437
327,90,1,3.5,2.5,9.29,0,0.6592825
292,85,1,4,4.2,9.79,0,0.6319226
260,106,5,4.5,2.8,7.76,0,0.69926345
278,96,3,4.3,1.7,9.48,0,0.7150541
290,118,5,3.8,1.8,7.94,1,0.7323631
339,90,1,4.3,4.8,8.76,1,0.8183892
273,92,1,4.8,1.5,9.12,1,0.69630736
312,92,5,3.9,2.2,8.8,0,0.58330685
307,87,4,4.9,1.5,7.19,0,0.51679105
328,104,1,3.2,2.7,9.45,1,0.8200085
321,120,4,4.1,1.3,9.73,1,0.9633389
325,116,5,2.1,4.4,8.77,1,0.81799144
323,93,1,4.8,1,6.07,0,0.46517375
329,100,2,4.5,4.5,9.75,1,0.86890155
322,99,5,2.4,2.4,6.9,0,0.62703604
332,99,3,1.3,2.2,7.35,1,0.6643175
292,106,5,4.5,4.7,8.99,1,0.80026096
300,112,3,1.9,4.9,8.75,0,0.78668875
307,110,4,2.8,2,8.54,0,0.66909623
272,95,3,1.6,2.5,6.47,0,0.3916515
332,86,1,1.7,2.3,8.7,1,0.71840656
336,95,3,1.2,2.5,9.67,1,0.797449
290,83,1,4.8,3.4,6.59,1,0.60983825
334,82,2,4.5,1.9,7.4,1,0.6088194
327,109,2,4.7,2.2,6.11,0,0.75814235
263,98,3,1.4,1.3,9.66,1,0.69666445
278,106,2,3.8,2.4,9.27,0,0.7673341
329,108,1,3.1,2.5,8.65,0,0.70488167
272,96,3,2.2,4.6,9.88,1,0.7607619
282,80,4,2.3,2,7.23,0,0.42106962
334,100,3,3.3,2.6,7.97,0,0.6337413
260,112,1,2.7,4.8,8.05,0,0.6308336
313,104,4,2.1,4.1,7.27,1,0.58643657
330,90,3,2.3,2.3,7.85,1,0.70405865
274,114,4,3.4,3.7,7.91,0,0.65851796
324,115,2,2.1,3.3,7.05,0,0.8182134
335,118,1,3.3,2.3,6.27,0,0.81814283
330,107,2,3.3,1.8,7.63,0,0.6724187
274,99,3,4.9,1.5,9.89,1,0.80621016
280,118,3,1.4,3.9,6.51,1,0.6210302
278,104,4,3.2,1.3,9.96,0,0.8259361
319,87,3,3.6,1.1,8.47,0,0.51184714
292,111,3,4.5,1.3,7.36,0,0.5984303
308,99,5,1.6,4.8,9.37,1,0.75098497
294,120,3,4.1,4.1,8.19,1,0.7511118
303,99,3,1.5,4.6,9.38,0,0.7535922
270,88,3,3,2.8,8.06,0,0.504875
331,92,5,1.8,1.5,9.07,0,0.48425025
337,117,3,3.5,1.6,8.17,0,0.83784485
333,101,3,1.9,3.6,7.05,0,0.7260824
325,109,3,4.7,1.8,9.38,1,0.84613395
305,116,4,1.7,1.6,6.76,1,0.68064153
268,102,3,2.4,4.8,7.92,1,0.623197
262,90,2,3,3.5,8.17,1,0.5899375
285,93,5,3.6,4.3,8.66,0,0.6442706
331,95,1,3.3,1.8,9.35,1,0.75447005
307,118,1,2.2,1.9,8.62,1,0.75113475
325,107,4,1.4,1.7,9.38,0,0.65070397
329,119,2,4.4,2.5,6.99,0,0.8374233
287,106,5,3.9,4.1,8.28,1,0.7504373
285,89,4,3.5,1.3,10,0,0.6832719
284,99,5,1.5,1.1,6.11,1,0.63760656
271,106,2,3.8,4.9,7.16,0,0.5962978
264,101,1,2.1,4,7.86,1,0.587652
307,111,2,2.1,1.7,7.33,0,0.67951554
296,111,4,2.1,4,6.72,1,0.5804065
338,117,4,3,2.9,6.92,0,0.9239998
303,119,3,4.5,1.8,7.91,0,0.6749615
274,84,5,2.6,4.1,6.65,1,0.66191316
302,119,3,1.4,2.5,7.98,1,0.69190687
307,88,4,4.3,4.6,9.93,0,0.7261229
329,86,1,1.9,2.1,8.78,1,0.70366955
305,97,4,4.6,3.7,9.02,1,0.751583
302,119,4,3.7,2.4,9.15,0,0.8318238
280,80,2,1.2,4.6,8.76,1,0.6340008
282,85,1,3.7,4.4,9.1,0,0.5851042
339,93,2,4,1.8,9.5,1,0.7589479
306,103,1,4.5,3.7,8.12,1,0.71018326
274,96,5,1.6,3.1,7.88,1,0.6450528
284,96,4,1.4,2,6.07,1,0.62953615
295,100,4,4.4,1.4,6.46,1,0.5352254
334,114,4,2,1.8,7.12,0,0.8233924
310,113,4,1.8,1.2,9.9,0,0.7902365
274,92,4,4.3,4.6,9.67,0,0.70045877
327,93,3,2,3.2,6.12,0,0.60040414
280,83,2,2.1,4.7,9.11,1,0.6493993
272,103,1,4.2,2,9.62,0,0.7851633
278,85,3,4.4,4.2,7.81,1,0.6568603
293,99,5,1.7,3.4,6.41,1,0.55861884
337,111,1,2.3,1.1,6.41,1,0.6201434
327,102,5,4.6,4.2,6.4,1,0.65674275
311,120,3,4,1.1,6.47,1,0.59911114
286,93,4,4.7,1.1,9.77,1,0.79373604
288,101,4,2.7,1.9,6.52,1,0.55984765
287,96,5,3.8,4.8,6.22,1,0.6540029
294,119,2,1.5,2,6.81,0,0.7525618
267,81,5,4,4.9,9.4,1,0.78554076
275,86,5,1.3,1.6,7.6,1,0.7785443
295,114,1,5,2.1,7.58,1,0.62812966
289,115,1,1.1,1.4,7.01,0,0.68368703
277,93,1,4.5,4,6.79,1,0.66011107
261,99,5,3.7,1.6,9.76,1,0.8014115
308,107,2,3.3,3.3,7.7,1,0.6191932
336,92,3,4.1,3.8,7.49,1,0.6553573
263,86,5,2.1,3.2,6.19,0,0.43943757
334,82,3,2.7,4.3,9.31,0,0.67907053
266,84,5,4.6,2.3,7.75,1,0.69591165
333,112,5,4.2,1.4,8.81,0,0.7438716
298,88,1,3,1.3,6.79,0,0.39988264
272,106,3,2,1.4,8.05,1,0.6329264
290,94,1,3.9,3.8,6.21,0,0.5525217
330,113,1,1,2.9,8.02,0,0.81052166
322,97,1,1.7,4.3,9.74,0,0.7824322
315,83,4,2.2,3.9,6.22,0,0.5409633
301,113,2,2.5,1.1,8.59,1,0.7262946
320,100,3,3.3,2.5,6.08,0,0.7173935
301,97,1,2.7,1.8,9.89,0,0.75169027
315,115,1,2.4,1.7,6.31,0,0.7148353
295,114,1,3.9,2.8,9.11,1,0.78367364
327,86,3,4.2,2.5,9.49,1,0.73247826
266,113,5,3.2,3.9,6.83,1,0.66536844
313,116,2,2,1.2,6.98,0,0.68716973
260,81,4,1.5,4.2,7.15,0,0.4805088
303,120,2,2.6,3.2,6.9,0,0.7590762
304,95,1,1.2,3.9,7.95,0,0.5884343
306,107,2,3.2,1.5,8.49,0,0.6622586
272,109,4,3.7,2.2,8.36,0,0.702887
281,110,5,4.4,2.5,9.41,0,0.8489031
280,87,5,1.3,2.9,8.19,0,0.50371087
268,117,2,3.1,4.2,6.32,0,0.5942752
285,114,3,3.6,2.6,9.22,0,0.8279694
268,86,2,1.4,4.7,8.83,1,0.6264405
274,97,5,3.5,3.3,8.12,0,0.5975229
269,115,3,1.1,4.5,9.13,0,0.8739636
301,100,1,5,2.6,8.13,1,0.69429076
331,83,3,1.7,4.8,9.61,0,0.6899762
283,111,4,3.5,4.5,7.95,1,0.7189663
339,95,2,3.9,3.4,8.22,0,0.6674053
308,97,3,4.6,1.4,6.31,0,0.54955626
285,113,1,1.1,1.3,6.86,1,0.52282244
296,101,2,2,4.4,7.46,0,0.5921358
327,106,2,3.4,2.4,7.21,0,0.67627347
309,91,1,4.3,2.4,7.46,0,0.5360977
283,120,4,1.1,4.1,6.16,1,0.74575347
278,111,2,4.6,1.1,8.14,1,0.689023
319,86,2,2,3.3,7.21,0,0.5299645
298,119,3,4.8,1.3,9.54,0,0.88888466
333,117,1,4.5,3.2,9.67,1,0.920404
277,119,5,4.3,4.2,8.28,0,0.75626016
278,89,5,3.4,1.8,8.46,1,0.69671744
295,115,5,1.5,1.9,8.4,0,0.605953
333,89,3,2.2,3.4,9.62,1,0.74363315
314,86,1,1.3,3.9,8.39,0,0.57759035
328,82,5,1.9,4.2,7.13,1,0.7347953
306,91,2,4.4,3.4,9.62,0,0.67337346
308,111,1,4.1,4.4,7.17,0,0.66848063
292,109,3,1.6,2.6,6.25,1,0.5644291
280,89,3,3.9,4.9,7.54,1,0.66191363
340,100,4,4,2.8,8.05,0,0.6374757
281,117,3,4.9,2.8,6.71,0,0.66627705
307,99,5,4.2,3,7.79,0,0.58956206
296,94,4,1.4,3.7,9.15,0,0.6352171
274,100,1,2.5,2.8,6.12,1,0.5658144
294,110,4,1.5,3,7.95,1,0.65265274
330,98,2,4.6,3.7,7.29,1,0.66066927
291,87,3,2.9,1.1,9.17,1,0.6809788
270,101,3,1.2,3.4,8.92,0,0.7036017
269,91,3,2.8,1.6,6.8,1,0.6411161
332,96,5,2.9,2.9,9.54,0,0.65255207
337,91,1,3.6,3.5,6.46,0,0.602868
336,110,1,4.1,4.6,7.46,1,0.69359416
316,87,5,3.2,4,6.68,1,0.65605104
284,97,4,4.4,2.6,8.32,0,0.5870648
